sampling_number,establishment,date_sampled,lab_number,field_number,time,duration,imis,year,silica_conc,lod,type,eighthr
494572-OIS,DELPHOS GRANITE WORKS INC,2026-05-14,65868,00775F,479,Long-Term,9000,2026,12.7,TRUE,NA,NA
494575-OIS,DELPHOS GRANITE WORKS INC,2026-05-14,65871,00641F,434,Long-Term,9000,2026,13.899999999999999,TRUE,NA,NA
494578-OIS,DELPHOS GRANITE WORKS INC,2026-05-14,65872,00235F,429,Long-Term,9000,2026,14.1,TRUE,NA,NA
492231-OIS,CELTIC STONE GRANITE AND TILE LLC,2026-04-16,64207,04715D,390,Long-Term,9000,2026,250,FALSE,NA,NA
492232-OIS,CELTIC STONE GRANITE AND TILE LLC,2026-04-16,64209,01043H,390,Long-Term,9000,2026,214,FALSE,NA,NA
492086-OIS,CL SERVICES AND DISTRIBUTION LLC,2026-04-15,63660,09358H,452,Long-Term,9000,2026,25.7,TRUE,NA,NA
492086-OIS,CL SERVICES AND DISTRIBUTION LLC,2026-04-15,63660,09358H,452,Long-Term,9000,2026,25.3,FALSE,NA,NA
492087-OIS,CL SERVICES AND DISTRIBUTION LLC,2026-04-15,63662,09488H,453,Long-Term,9000,2026,25.7,TRUE,NA,NA
492087-OIS,CL SERVICES AND DISTRIBUTION LLC,2026-04-15,63662,09488H,453,Long-Term,9000,2026,12.9,TRUE,NA,NA
492088-OIS,CL SERVICES AND DISTRIBUTION LLC,2026-04-15,63663,09710H,444,Long-Term,9000,2026,26.200000000000003,TRUE,NA,NA
492088-OIS,CL SERVICES AND DISTRIBUTION LLC,2026-04-15,63663,09710H,444,Long-Term,9000,2026,13.100000000000001,TRUE,NA,NA
492268-OIS,TNT SERVICES CORP,2026-04-14,63685,09379H,264,Medium-Term,9000,2026,140,FALSE,NA,NA
492270-OIS,TNT SERVICES CORP,2026-04-14,63686,09338H,290,Medium-Term,9000,2026,191,FALSE,NA,NA
492098-OIS,TNT SERVICES CORP,2026-04-14,63665,09352H,278,Medium-Term,9000,2026,200,FALSE,NA,NA
491870-OIS,REVIVAL STONE AND CABINETS INC,2026-04-09,63184,06873H,442,Long-Term,9000,2026,227,FALSE,NA,NA
491868-OIS,REVIVAL STONE AND CABINETS INC,2026-04-09,63181,06483H,290,Medium-Term,9000,2026,70.7,FALSE,NA,NA
491869-OIS,REVIVAL STONE AND CABINETS INC,2026-04-09,63183,06874H,105,Short-Term,9000,2026,56,TRUE,NA,NA
491581-OIS,SELECT SURFACES INC OF ILLINOIS,2026-04-08,63108,00687F,475,Long-Term,9000,2026,29.1,FALSE,NA,NA
491580-OIS,SELECT SURFACES INC OF ILLINOIS,2026-04-08,63107,00649F,463,Long-Term,9000,2026,43.6,FALSE,NA,NA
491578-OIS,SELECT SURFACES INC OF ILLINOIS,2026-04-08,63105,00825F,473,Long-Term,9000,2026,39.800000000000004,FALSE,NA,NA
491579-OIS,SELECT SURFACES INC OF ILLINOIS,2026-04-08,63106,00673F,466,Long-Term,9000,2026,55.5,FALSE,NA,NA
491577-OIS,SELECT SURFACES INC OF ILLINOIS,2026-04-08,63103,00519F,468,Long-Term,9000,2026,38.699999999999996,FALSE,NA,NA
491357-OIS,ART STONEGRANITE AND MARBLE INC,2026-04-03,62783,JOS,425,Long-Term,9000,2026,20.400000000000002,FALSE,NA,NA
491356-OIS,ART STONEGRANITE AND MARBLE INC,2026-04-03,62782,MIG,425,Long-Term,9000,2026,19.5,FALSE,NA,NA
491355-OIS,ART STONEGRANITE AND MARBLE INC,2026-04-03,62781,RON,425,Long-Term,9000,2026,28.9,FALSE,NA,NA
491353-OIS,ART STONEGRANITE AND MARBLE INC,2026-04-03,62779,LEO,385,Long-Term,9000,2026,23,FALSE,NA,NA
491049-OIS,KEPHACO CORPORATION,2026-03-31,62430,07915H,227,Medium-Term,9000,2026,25.9,TRUE,NA,NA
491049-OIS,KEPHACO CORPORATION,2026-03-31,62431,09655H,190,Medium-Term,9000,2026,31,TRUE,NA,NA
490793-OIS,L AND M MARBLE AND GRANITE INC,2026-03-26,62243,09231H,237,Medium-Term,9000,2026,63.70000000000001,FALSE,NA,NA
490748-OIS,L AND M MARBLE AND GRANITE INC,2026-03-26,62234,06761H,230,Medium-Term,9000,2026,37.3,FALSE,NA,NA
490748-OIS,L AND M MARBLE AND GRANITE INC,2026-03-26,62233,09237H,230,Medium-Term,9000,2026,88.4,FALSE,NA,NA
490748-OIS,L AND M MARBLE AND GRANITE INC,2026-03-26,62233,09237H,230,Medium-Term,9000,2026,101,FALSE,NA,NA
490746-OIS,L AND M MARBLE AND GRANITE INC,2026-03-26,62231,06562H,224,Medium-Term,9000,2026,34.3,FALSE,NA,NA
490859-OIS,JONES STONE AND MARBLE INC,2026-03-26,62248,07054H,360,Long-Term,9000,2026,119,FALSE,NA,NA
491013-OIS,PIONEER GRANITE AND QUARTZ LLC,2026-03-24,62391,08571C,356,Medium-Term,9000,2026,16.5,TRUE,NA,NA
491014-OIS,PIONEER GRANITE AND QUARTZ LLC,2026-03-24,62392,06558H,324,Medium-Term,9000,2026,18.2,TRUE,NA,NA
491012-OIS,PIONEER GRANITE AND QUARTZ LLC,2026-03-24,62389,06958H,363,Long-Term,9000,2026,16.2,TRUE,NA,NA
490582-OIS,PINTER MEMORIALS INC,2026-03-23,62022,06497H,60,Short-Term,9000,2026,134,FALSE,NA,NA
490582-OIS,PINTER MEMORIALS INC,2026-03-23,62022,06497H,60,Short-Term,9000,2026,120,FALSE,NA,NA
490583-OIS,PINTER MEMORIALS INC,2026-03-23,62024,06663H,250,Medium-Term,9000,2026,94.39999999999999,TRUE,NA,NA
490583-OIS,PINTER MEMORIALS INC,2026-03-23,62025,06493H,109,Short-Term,9000,2026,108,TRUE,NA,NA
490584-OIS,PINTER MEMORIALS INC,2026-03-23,62026,06521H,268,Medium-Term,9000,2026,439,FALSE,NA,NA
489867-OIS,ATLANTIS GRANITE AND QUARTZ,2026-03-12,61164,09987H,450,Long-Term,9000,2026,22.2,FALSE,NA,NA
489872-OIS,ATLANTIS GRANITE AND QUARTZ,2026-03-12,61167,09849H,445,Long-Term,9000,2026,31,FALSE,NA,NA
489869-OIS,ATLANTIS GRANITE AND QUARTZ,2026-03-12,61166,09345H,447,Long-Term,9000,2026,59.1,FALSE,NA,NA
489718-OIS,NORTH AMERICAN MARBLE AND GRANITE LLC,2026-03-12,60984,09753H,357,Medium-Term,9000,2026,16.7,TRUE,NA,NA
489781-OIS,NORTH AMERICAN MARBLE AND GRANITE LLC,2026-03-12,61020,09745H,150,Medium-Term,9000,2026,39.199999999999996,TRUE,NA,NA
489488-OIS,ANGEL STONE USA,2026-03-05,60843,AR-13526,246,Medium-Term,9000,2026,136,FALSE,NA,NA
489335-OIS,BOSTON STONE RESTORATION,2026-03-04,60774,09905H,118,Short-Term,9000,2026,47.5,TRUE,NA,NA
489334-OIS,BOSTON STONE RESTORATION,2026-03-04,60772,09674H,110,Short-Term,9000,2026,52.400000000000006,TRUE,NA,NA
489227-OIS,THE CABINET AND GRANITE DEPOT,2026-03-04,60626,08360H,327,Medium-Term,9000,2026,26.5,FALSE,NA,NA
489180-OIS,THE CABINET AND GRANITE DEPOT,2026-03-04,60618,08252H,367,Long-Term,9000,2026,17.2,FALSE,NA,NA
489232-OIS,SUPERIOR GRANITE INC,2026-03-04,60627,07382H,435,Long-Term,9000,2026,53.5,FALSE,NA,NA
489129-OIS,BURTON MONUMENT CO INC,2026-03-03,60468,BB-1,248,Medium-Term,9000,2026,36,FALSE,NA,NA
489139-OIS,TERRA STONEWORKS,2026-03-03,60475,05261 H,409,Long-Term,9000,2026,14.4,TRUE,NA,NA
489138-OIS,TERRA STONEWORKS,2026-03-03,60474,05490 H,390,Long-Term,9000,2026,15.100000000000001,TRUE,NA,NA
489137-OIS,TERRA STONEWORKS,2026-03-03,60473,05536 H,347,Medium-Term,9000,2026,17,TRUE,NA,NA
489132-OIS,BURTON MONUMENT CO INC,2026-03-03,60470,NJ-1,249,Medium-Term,9000,2026,323,FALSE,NA,NA
489135-OIS,TERRA STONEWORKS,2026-03-03,60471,05776 H,265,Medium-Term,9000,2026,23.5,FALSE,NA,NA
488089-OIS,DAVAN COUNTERTOPS,2026-02-18,59732,00001F,340,Medium-Term,9000,2026,53,FALSE,NA,NA
488103-OIS,DAVAN COUNTERTOPS,2026-02-18,59493,09748H,445,Long-Term,9000,2026,81.3,FALSE,NA,NA
488105-OIS,DAVAN COUNTERTOPS,2026-02-18,59495,09978H,444,Long-Term,9000,2026,55.300000000000004,FALSE,NA,NA
488123-OIS,ELEGANT STONE AND CABINET LLC,2026-02-13,59454,07381H,343,Medium-Term,9000,2026,19.3,FALSE,NA,NA
488122-OIS,ELEGANT STONE AND CABINET LLC,2026-02-13,59452,07015H,315,Medium-Term,9000,2026,18.599999999999998,TRUE,NA,NA
487937-OIS,WALKER GRANITE CO INC,2026-02-12,59297,05389H,272,Medium-Term,9000,2026,29.2,FALSE,NA,NA
487935-OIS,WALKER GRANITE CO INC,2026-02-12,59296,00075H,292,Medium-Term,9000,2026,167,FALSE,NA,NA
487933-OIS,WALKER GRANITE CO INC,2026-02-12,59294,00361H,287,Medium-Term,9000,2026,20.400000000000002,TRUE,NA,NA
487791-OIS,PIONEER GRANITE AND QUARTZ,2026-02-11,59113,09739HRAM,233,Medium-Term,9000,2026,24.9,TRUE,NA,NA
487779-OIS,GRANITE MASTERS OF COLUMBUS,2026-02-11,59212,07406E,378,Long-Term,9000,2026,45,FALSE,NA,NA
487782-OIS,GRANITE MASTERS OF COLUMBUS,2026-02-11,59213,07100E,345,Medium-Term,9000,2026,32.4,FALSE,NA,NA
487773-OIS,GRANITE MASTERS OF COLUMBUS,2026-02-11,59210,02970H,353,Medium-Term,9000,2026,368,FALSE,NA,NA
487954-OIS,STONE CITY LLC,2026-02-10,59306,06845H,108,Short-Term,9000,2026,55,TRUE,NA,NA
487790-OIS,PIONEER GRANITE AND QUARTZ,2026-02-10,59112,09735HMAR,226,Medium-Term,9000,2026,25.6,TRUE,NA,NA
487788-OIS,PIONEER GRANITE AND QUARTZ,2026-02-10,59110,09730HBEN,222,Medium-Term,9000,2026,26,TRUE,NA,NA
487953-OIS,STONE CITY LLC,2026-02-10,59240,08014C,195,Medium-Term,9000,2026,84,FALSE,NA,NA
487640-OIS,GHK INSTALLATIONS LTD,2026-02-09,59069,09960H,217,Medium-Term,9000,2026,27.099999999999998,TRUE,NA,NA
487642-OIS,GHK INSTALLATIONS LTD,2026-02-09,59071,09676H,211,Medium-Term,9000,2026,27.7,TRUE,NA,NA
487030-OIS,PETER TROOST MONUMENT CO,2026-01-30,58842,00901D,434,Long-Term,9000,2026,13.100000000000001,TRUE,NA,NA
487039-OIS,PETER TROOST MONUMENT CO,2026-01-30,58848,00043F,436,Long-Term,9000,2026,18.2,FALSE,NA,NA
487032-OIS,PETER TROOST MONUMENT CO,2026-01-30,58844,PT1,431,Long-Term,9000,2026,13.100000000000001,TRUE,NA,NA
487033-OIS,PETER TROOST MONUMENT CO,2026-01-30,58845,09781H,430,Long-Term,9000,2026,17.5,FALSE,NA,NA
487035-OIS,PETER TROOST MONUMENT CO,2026-01-30,58846,09681H,423,Long-Term,9000,2026,14.6,FALSE,NA,NA
487037-OIS,PETER TROOST MONUMENT CO,2026-01-30,58847,09965H,433,Long-Term,9000,2026,13.700000000000001,TRUE,NA,NA
486676-OIS,HYANNIS MARBLE AND GRANITE INC,2026-01-22,58246,00054F,450,Long-Term,9000,2026,12.3,TRUE,NA,NA
486681-OIS,HYANNIS MARBLE AND GRANITE INC,2026-01-22,58248,09967H,443,Long-Term,9000,2026,12.6,TRUE,NA,NA
487643-OIS,SIGN LINELLC,2026-01-21,58967,07303H,416,Long-Term,9000,2026,21.8,FALSE,NA,NA
485880-OIS,COUNTERTOP DESIGN INC,2026-01-13,57728,00050F,246,Medium-Term,9000,2026,23.900000000000002,TRUE,NA,NA
485880-OIS,COUNTERTOP DESIGN INC,2026-01-13,57729,09787H,216,Medium-Term,9000,2026,27.2,TRUE,NA,NA
485875-OIS,COUNTERTOP DESIGN INC,2026-01-13,57724,00047F,238,Medium-Term,9000,2026,24.7,TRUE,NA,NA
485875-OIS,COUNTERTOP DESIGN INC,2026-01-13,57723,09706H,232,Medium-Term,9000,2026,25.4,TRUE,NA,NA
485532-OIS,JONES STONE AND MARBLE INC,2026-01-07,57566,00956D,373,Long-Term,9000,2026,258,FALSE,NA,NA
485526-OIS,JONES STONE AND MARBLE INC,2026-01-07,57564,00898D,373,Long-Term,9000,2026,15.8,TRUE,NA,NA
485141-OIS,DREAMS OF STONE LLC,2025-12-30,57298,9597H,180,Medium-Term,9000,2025,32.7,TRUE,NA,NA
485142-OIS,DREAMS OF STONE LLC,2025-12-30,57300,07740H,300,Medium-Term,9000,2025,19.599999999999998,TRUE,NA,NA
484899-OIS,GRANITE USA,2025-12-17,56964,3B1,240,Medium-Term,9000,2025,30.200000000000003,FALSE,NA,NA
484896-OIS,GRANITE USA,2025-12-17,56962,2B2,224,Medium-Term,9000,2025,133,FALSE,NA,NA
484845-OIS,BAY AREA GRANITE AND MARBLE,2025-12-17,56948,08082H,244,Medium-Term,9000,2025,32.2,FALSE,NA,NA
484846-OIS,BAY AREA GRANITE AND MARBLE,2025-12-17,56950,07763H,256,Medium-Term,9000,2025,28,FALSE,NA,NA
484847-OIS,BAY AREA GRANITE AND MARBLE,2025-12-17,56951,08033H,249,Medium-Term,9000,2025,34.7,FALSE,NA,NA
484848-OIS,BAY AREA GRANITE AND MARBLE,2025-12-17,56952,08000H,14,Task-Based,9000,2025,420,TRUE,NA,NA
484849-OIS,BAY AREA GRANITE AND MARBLE,2025-12-17,56953,07766H,282,Medium-Term,9000,2025,46.699999999999996,FALSE,NA,NA
484850-OIS,BAY AREA GRANITE AND MARBLE,2025-12-17,56954,08022H,266,Medium-Term,9000,2025,30.8,FALSE,NA,NA
484899-OIS,GRANITE USA,2025-12-17,56965,3B2,46,Short-Term,9000,2025,128,TRUE,NA,NA
484900-OIS,GRANITE USA,2025-12-17,56966,5B1,240,Medium-Term,9000,2025,61.6,FALSE,NA,NA
484900-OIS,GRANITE USA,2025-12-17,56967,5B2,225,Medium-Term,9000,2025,195,FALSE,NA,NA
484896-OIS,GRANITE USA,2025-12-17,56961,2B1,240,Medium-Term,9000,2025,80.5,FALSE,NA,NA
484901-OIS,GRANITE USA,2025-12-17,56969,4B1,240,Medium-Term,9000,2025,70.9,FALSE,NA,NA
484901-OIS,GRANITE USA,2025-12-17,56968,4B2,224,Medium-Term,9000,2025,117,FALSE,NA,NA
484876-OIS,INTEGRITY GRANITE INC,2025-12-16,56957,CW-0591,453,Long-Term,9000,2025,58,FALSE,NA,NA
484416-OIS,MASTERS COUNTERTOPS CORP,2025-12-10,56708,00725D,465,Long-Term,9000,2025,12.5,TRUE,NA,NA
484411-OIS,MASTERS COUNTERTOPS CORP,2025-12-10,56706,07597H,459,Long-Term,9000,2025,12.5,TRUE,NA,NA
484427-OIS,MASTERS COUNTERTOPS CORP,2025-12-10,56709,07861H,454,Long-Term,9000,2025,12.5,TRUE,NA,NA
484115-OIS,GRANITE EMPIRE OF CINCINNATI,2025-12-09,56604,08138H,219,Medium-Term,9000,2025,31.5,FALSE,NA,NA
484124-OIS,GRANITE EMPIRE OF CINCINNATI,2025-12-09,56606,00810D,218,Medium-Term,9000,2025,39.9,FALSE,NA,NA
484094-OIS,JONES STONE AND MARBLE INC,2025-12-08,56602,00726D,371,Long-Term,9000,2025,15.8,TRUE,NA,NA
483854-OIS,VERY ARTISTIC INC,2025-12-04,56545,03575H,180,Medium-Term,9000,2025,31.9,TRUE,NA,NA
483838-OIS,AUTHENTIC MARBLE AND GRANITE INC,2025-12-03,56465,06751H,407,Long-Term,9000,2025,29,FALSE,NA,NA
483836-OIS,AUTHENTIC MARBLE AND GRANITE INC,2025-12-03,56462,07939E,374,Long-Term,9000,2025,53.3,FALSE,NA,NA
483837-OIS,AUTHENTIC MARBLE AND GRANITE INC,2025-12-03,56464,06963H,417,Long-Term,9000,2025,58.6,FALSE,NA,NA
483268-OIS,UNDERWOOD GROUP1 LLC,2025-11-19,55971,03745H,291,Medium-Term,9000,2025,19.8,TRUE,NA,NA
483266-OIS,UNDERWOOD GROUP1 LLC,2025-11-19,55968,05102H,260,Medium-Term,9000,2025,21.9,TRUE,NA,NA
483267-OIS,UNDERWOOD GROUP1 LLC,2025-11-19,55970,05038H,348,Medium-Term,9000,2025,246,FALSE,NA,NA
479966-OIS,GOODSTONE AND QUARTZ FABRICATION LLC,2025-09-10,54411,06568H,430,Long-Term,9000,2025,12.8,TRUE,NA,NA
479969-OIS,GOODSTONE AND QUARTZ FABRICATION LLC,2025-09-10,54413,06961H,433,Long-Term,9000,2025,12.3,TRUE,NA,NA
479970-OIS,GOODSTONE AND QUARTZ FABRICATION LLC,2025-09-10,54414,06612H,241,Medium-Term,9000,2025,23.3,TRUE,NA,NA
479479-OIS,GT STONE GRANITE LLC,2025-09-04,54068,05778H,230,Medium-Term,9000,2025,25.3,TRUE,NA,NA
479479-OIS,GT STONE GRANITE LLC,2025-09-04,54069,05761H,234,Medium-Term,9000,2025,24.8,TRUE,NA,NA
479449-OIS,GT STONE GRANITE LLC,2025-09-04,54058,07504H,229,Medium-Term,9000,2025,118,FALSE,NA,NA
479485-OIS,GT STONE GRANITE LLC,2025-09-04,54070,05665H,220,Medium-Term,9000,2025,91.89999999999999,FALSE,NA,NA
479485-OIS,GT STONE GRANITE LLC,2025-09-04,54071,05459H,229,Medium-Term,9000,2025,190,FALSE,NA,NA
479464-OIS,GT STONE GRANITE LLC,2025-09-04,54065,07350H,225,Medium-Term,9000,2025,93.60000000000001,FALSE,NA,NA
479464-OIS,GT STONE GRANITE LLC,2025-09-04,54064,05667H,229,Medium-Term,9000,2025,68.9,FALSE,NA,NA
479454-OIS,GT STONE GRANITE LLC,2025-09-04,54063,05777H,220,Medium-Term,9000,2025,69.1,FALSE,NA,NA
479454-OIS,GT STONE GRANITE LLC,2025-09-04,54062,07078H,204,Medium-Term,9000,2025,61.400000000000006,FALSE,NA,NA
479472-OIS,GT STONE GRANITE LLC,2025-09-04,54067,05706H,226,Medium-Term,9000,2025,131,FALSE,NA,NA
479472-OIS,GT STONE GRANITE LLC,2025-09-04,54066,07436H,224,Medium-Term,9000,2025,106,FALSE,NA,NA
479449-OIS,GT STONE GRANITE LLC,2025-09-04,54059,06467H,234,Medium-Term,9000,2025,71.1,FALSE,NA,NA
477767-OIS,STONECUTTERS INC,2025-08-06,52664,00485D,397,Long-Term,9000,2025,22.3,FALSE,NA,NA
477766-OIS,STONECUTTERS INC,2025-08-06,52663,00784D,465,Long-Term,9000,2025,18.5,FALSE,NA,NA
477763-OIS,STONECUTTERS INC,2025-08-06,52659,00919D,84,Short-Term,9000,2025,70.1,TRUE,NA,NA
477764-OIS,STONECUTTERS INC,2025-08-06,52661,00599D,470,Long-Term,9000,2025,12.5,TRUE,NA,NA
477765-OIS,STONECUTTERS INC,2025-08-06,52662,00958D,468,Long-Term,9000,2025,15.4,FALSE,NA,NA
476928-OIS,MIDWEST STONE MANUFACTURING COMPANY,2025-07-24,52163,07745H,131,Medium-Term,9000,2025,44.900000000000006,TRUE,NA,NA
476930-OIS,MIDWEST STONE MANUFACTURING COMPANY,2025-07-24,52166,07738H,122,Medium-Term,9000,2025,122,FALSE,NA,NA
476863-OIS,PRECISION MARBLE LLC,2025-07-22,51923,MN-05739H,425,Long-Term,9000,2025,13.799999999999999,TRUE,NA,NA
476862-OIS,PRECISION MARBLE LLC,2025-07-22,51921,RA-05791H,440,Long-Term,9000,2025,13.4,TRUE,NA,NA
476984-OIS,CUSTOM MARBLE DESIGNS OF NAPERVILLE INC,2025-07-21,52093,07931H,413,Long-Term,9000,2025,14.1,TRUE,NA,NA
476985-OIS,CUSTOM MARBLE DESIGNS OF NAPERVILLE INC,2025-07-21,52094,07868H,409,Long-Term,9000,2025,14.200000000000001,TRUE,NA,NA
476986-OIS,CUSTOM MARBLE DESIGNS OF NAPERVILLE INC,2025-07-21,52095,07777H,411,Long-Term,9000,2025,14.1,FALSE,NA,NA
476987-OIS,CUSTOM MARBLE DESIGNS OF NAPERVILLE INC,2025-07-21,52096,07831H,403,Long-Term,9000,2025,14.6,TRUE,NA,NA
476976-OIS,CUSTOM MARBLE DESIGNS OF NAPERVILLE INC,2025-07-21,52088,07587H,406,Long-Term,9000,2025,14.5,TRUE,NA,NA
476535-OIS,GRANITE DESIGN FOR YOU INC,2025-07-16,51587,07584H,431,Long-Term,9000,2025,13.700000000000001,TRUE,NA,NA
476534-OIS,GRANITE DESIGN FOR YOU INC,2025-07-16,51586,07741H,426,Long-Term,9000,2025,14.9,FALSE,NA,NA
476533-OIS,GRANITE DESIGN FOR YOU INC,2025-07-16,51584,07677H,435,Long-Term,9000,2025,14.7,FALSE,NA,NA
475827-OIS,ATLANTIS GRANITE LLC,2025-07-02,51105,R3-GS-60,463,Long-Term,9000,2025,178,FALSE,NA,NA
475705-OIS,ABSOLUTE STONE AND TILE INC,2025-07-01,51038,LCY06487H,272,Medium-Term,9000,2025,21.6,TRUE,NA,NA
475705-OIS,ABSOLUTE STONE AND TILE INC,2025-07-01,51039,LCY06459H,128,Medium-Term,9000,2025,46,TRUE,NA,NA
475703-OIS,ABSOLUTE STONE AND TILE INC,2025-07-01,51035,MCY05860H,129,Medium-Term,9000,2025,51.4,FALSE,NA,NA
475703-OIS,ABSOLUTE STONE AND TILE INC,2025-07-01,51034,MCY05861H,265,Medium-Term,9000,2025,1250,FALSE,NA,NA
475639-OIS,GRANIX INC,2025-06-27,51023,07492E,220,Medium-Term,9000,2025,43.1,FALSE,NA,NA
475639-OIS,GRANIX INC,2025-06-27,51022,07411E,120,Short-Term,9000,2025,136,FALSE,NA,NA
475844-OIS,EASTERN SURFACES INC,2025-06-26,51114,01055H,450,Long-Term,9000,2025,12.8,TRUE,NA,NA
475845-OIS,EASTERN SURFACES INC,2025-06-26,51116,01621D,460,Long-Term,9000,2025,12.6,TRUE,NA,NA
475163-OIS,CANGELOSI COMPANY,2025-06-24,50796,9904,410,Long-Term,9000,2025,14.3,TRUE,NA,NA
475157-OIS,CANGELOSI COMPANY,2025-06-24,50792,05316H,458,Long-Term,9000,2025,12.8,TRUE,NA,NA
475160-OIS,CANGELOSI COMPANY,2025-06-24,50794,08087H,455,Long-Term,9000,2025,12.9,TRUE,NA,NA
475161-OIS,CANGELOSI COMPANY,2025-06-24,50795,05347H,454,Long-Term,9000,2025,13,TRUE,NA,NA
474753-OIS,GMQ TOPS MOBILE LLP,2025-06-18,50719,07309H,485,Long-Term,9000,2025,12.1,TRUE,NA,NA
474739-OIS,GMQ TOPS MOBILE LLP,2025-06-18,50716,07021H,421,Long-Term,9000,2025,215,FALSE,NA,NA
474742-OIS,GMQ TOPS MOBILE LLP,2025-06-18,50718,07492H,434,Long-Term,9000,2025,239,FALSE,NA,NA
474771-OIS,MORRISON TILE AND STONE,2025-06-17,50492,06964H,356,Medium-Term,9000,2025,60.900000000000006,FALSE,NA,NA
474566-OIS,METRO MARBLE AND GRANITE,2025-06-13,50297,06763E,306,Medium-Term,9000,2025,20.8,FALSE,NA,NA
474566-OIS,METRO MARBLE AND GRANITE,2025-06-13,50298,08150H,155,Medium-Term,9000,2025,37.3,TRUE,NA,NA
474567-OIS,METRO MARBLE AND GRANITE,2025-06-13,50300,06567E,310,Medium-Term,9000,2025,18.5,TRUE,NA,NA
474567-OIS,METRO MARBLE AND GRANITE,2025-06-13,50301,07853H,156,Medium-Term,9000,2025,36.7,TRUE,NA,NA
474568-OIS,METRO MARBLE AND GRANITE,2025-06-13,50303,07896H,158,Medium-Term,9000,2025,36.5,TRUE,NA,NA
474569-OIS,METRO MARBLE AND GRANITE,2025-06-13,50304,06420E,299,Medium-Term,9000,2025,19.2,TRUE,NA,NA
474569-OIS,METRO MARBLE AND GRANITE,2025-06-13,50305,07598H,159,Medium-Term,9000,2025,36.1,TRUE,NA,NA
474568-OIS,METRO MARBLE AND GRANITE,2025-06-13,50302,06767E,315,Medium-Term,9000,2025,18.3,TRUE,NA,NA
474495-OIS,LEOTAUR TECHNOLOGY GROUP LLC,2025-06-11,50283,R3-GS-57,219,Medium-Term,9000,2025,26.5,TRUE,NA,NA
473735-OIS,ROCK FIN COUNTERTOPS INC,2025-05-29,49628,08753D,339,Medium-Term,9000,2025,17.4,TRUE,NA,NA
473736-OIS,ROCK FIN COUNTERTOPS INC,2025-05-29,49629,08909D,337,Medium-Term,9000,2025,17.4,TRUE,NA,NA
473737-OIS,ROCK FIN COUNTERTOPS INC,2025-05-29,49630,08617D,268,Medium-Term,9000,2025,21.8,TRUE,NA,NA
473734-OIS,ROCK FIN COUNTERTOPS INC,2025-05-29,49626,09056D,340,Medium-Term,9000,2025,17.3,TRUE,NA,NA
473486-OIS,THE GRANITE GUY LLC,2025-05-16,49425,A001S,470,Long-Term,9000,2025,159,FALSE,NA,NA
472446-OIS,STAR GRANITE CO INC,2025-05-08,48592,05391H,240,Medium-Term,9000,2025,24.5,TRUE,NA,NA
472448-OIS,STAR GRANITE CO INC,2025-05-08,48594,000385H,235,Medium-Term,9000,2025,25,TRUE,NA,NA
472405-OIS,ALOHA STONE CREATIONS LLC,2025-05-06,48796,ALO-1,240,Medium-Term,9000,2025,104,FALSE,NA,NA
471829-OIS,TOP SHELF MANUFACTURING INC,2025-05-01,48264,06639H,437,Long-Term,9000,2025,13.4,TRUE,NA,NA
471828-OIS,TOP SHELF MANUFACTURING INC,2025-05-01,48263,06625H,419,Long-Term,9000,2025,16.6,FALSE,NA,NA
471827-OIS,TOP SHELF MANUFACTURING INC,2025-05-01,48262,06628H,425,Long-Term,9000,2025,13.899999999999999,TRUE,NA,NA
471826-OIS,TOP SHELF MANUFACTURING INC,2025-05-01,48260,06442H,430,Long-Term,9000,2025,128,FALSE,NA,NA
471630-OIS,CNC GRANITE,2025-04-30,47996,02321H,408,Long-Term,9000,2025,14.3,TRUE,NA,NA
471633-OIS,CNC GRANITE,2025-04-30,48000,02984H,398,Long-Term,9000,2025,14.8,TRUE,NA,NA
471680-OIS,SPECIALTY MARBLE AND GRANITE INC,2025-04-29,48004,07276H,411,Long-Term,9000,2025,77.5,FALSE,NA,NA
471632-OIS,CNC GRANITE,2025-04-29,47999,03183H,407,Long-Term,9000,2025,14.5,TRUE,NA,NA
471682-OIS,SPECIALTY MARBLE AND GRANITE INC,2025-04-29,48006,07434H,370,Long-Term,9000,2025,15.8,TRUE,NA,NA
472408-OIS,GLOBAL GRANITE LLC,2025-04-28,48511,07523H,390,Long-Term,9000,2025,631,FALSE,NA,NA
472360-OIS,GLOBAL GRANITE LLC,2025-04-28,48498,07174H,389,Long-Term,9000,2025,186,FALSE,NA,NA
471106-OIS,STONE ONE CORP,2025-04-23,47713,08067H,335,Medium-Term,9000,2025,38,FALSE,NA,NA
471104-OIS,STONE ONE CORP,2025-04-23,47711,08072H,330,Medium-Term,9000,2025,98.3,FALSE,NA,NA
470829-OIS,TISCH MONUMENTS,2025-04-17,47111,06320E,135,Medium-Term,9000,2025,58.5,FALSE,NA,NA
470831-OIS,TISCH MONUMENTS,2025-04-17,47117,06424E,131,Medium-Term,9000,2025,44.5,TRUE,NA,NA
470943-OIS,HARD ROCK STONE AND TILE LLC,2025-04-16,47445,04942H,462,Long-Term,9000,2025,25.1,FALSE,NA,NA
470944-OIS,HARD ROCK STONE AND TILE LLC,2025-04-16,47446,05852H,423,Long-Term,9000,2025,13.5,TRUE,NA,NA
470942-OIS,HARD ROCK STONE AND TILE LLC,2025-04-16,47444,06159H,469,Long-Term,9000,2025,12.4,TRUE,NA,NA
470941-OIS,HARD ROCK STONE AND TILE LLC,2025-04-16,47442,04961H,453,Long-Term,9000,2025,54.199999999999996,FALSE,NA,NA
470109-OIS,GRANIX INC,2025-04-08,19420,07472E,440,Long-Term,9000,2025,2000,FALSE,NA,NA
470130-OIS,GRANIX INC,2025-04-08,19435,07093E,15,Task-Based,9000,2025,392,TRUE,NA,NA
470118-OIS,GRANIX INC,2025-04-08,19423,07089E,465,Long-Term,9000,2025,14.8,FALSE,NA,NA
469503-OIS,RICCIARDI MARBLE AND GRANITE,2025-04-01,19102,00559H,324,Medium-Term,9000,2025,17.7,TRUE,NA,NA
469502-OIS,RICCIARDI MARBLE AND GRANITE,2025-04-01,19100,09954C,340,Medium-Term,9000,2025,17,TRUE,NA,NA
468761-OIS,GRANITE AND STONE LEADERS LTD,2025-03-25,18688,06934H,224,Medium-Term,9000,2025,25.8,TRUE,NA,NA
468763-OIS,GRANITE AND STONE LEADERS LTD,2025-03-25,18689,06464H,213,Medium-Term,9000,2025,27.5,TRUE,NA,NA
468758-OIS,GRANITE AND STONE LEADERS LTD,2025-03-25,18686,06640H,229,Medium-Term,9000,2025,25.6,TRUE,NA,NA
468757-OIS,GRANITE AND STONE LEADERS LTD,2025-03-25,18684,06784H,239,Medium-Term,9000,2025,24.6,TRUE,NA,NA
468688-OIS,GLACIER MARBLE AND GRANITE INC,2025-03-20,18642,TB05922H,422,Long-Term,9000,2025,27.099999999999998,FALSE,NA,NA
468687-OIS,GLACIER MARBLE AND GRANITE INC,2025-03-20,18641,CB06273H,422,Long-Term,9000,2025,42.1,FALSE,NA,NA
468683-OIS,GLACIER MARBLE AND GRANITE INC,2025-03-20,18637,VH06349H,440,Long-Term,9000,2025,95.10000000000001,FALSE,NA,NA
468686-OIS,GLACIER MARBLE AND GRANITE INC,2025-03-20,18639,GB06126H,435,Long-Term,9000,2025,50.8,FALSE,NA,NA
468361-OIS,BUECHEL STONE CORP,2025-03-18,18382,06862H,111,Short-Term,9000,2025,52.699999999999996,TRUE,NA,NA
468360-OIS,BUECHEL STONE CORP,2025-03-18,18379,06434H,463,Long-Term,9000,2025,12.7,TRUE,NA,NA
468359-OIS,BUECHEL STONE CORP,2025-03-18,18377,06866H,465,Long-Term,9000,2025,12.7,TRUE,NA,NA
468361-OIS,BUECHEL STONE CORP,2025-03-18,18381,07008H,83,Short-Term,9000,2025,70.5,TRUE,NA,NA
468361-OIS,BUECHEL STONE CORP,2025-03-18,18380,06811H,60,Short-Term,9000,2025,97.5,TRUE,NA,NA
468362-OIS,BUECHEL STONE CORP,2025-03-18,18384,06944H,459,Long-Term,9000,2025,12.9,TRUE,NA,NA
468361-OIS,BUECHEL STONE CORP,2025-03-18,18383,06570H,193,Medium-Term,9000,2025,30.3,TRUE,NA,NA
468348-OIS,BAJA DESIGN INC,2025-03-17,18287,07130H,312,Medium-Term,9000,2025,20.7,FALSE,NA,NA
468121-OIS,BAJA DESIGN INC,2025-03-12,18260,04622H,207,Medium-Term,9000,2025,34.6,FALSE,NA,NA
467647-OIS,YK STONE CENTER INC,2025-03-05,17731,06849H,417,Long-Term,9000,2025,15.4,FALSE,NA,NA
467651-OIS,YK STONE CENTER INC,2025-03-05,17735,06970H,403,Long-Term,9000,2025,50.5,FALSE,NA,NA
467654-OIS,YK STONE CENTER INC,2025-03-05,17738,04305H,391,Long-Term,9000,2025,21.3,FALSE,NA,NA
467648-OIS,YK STONE CENTER INC,2025-03-05,17732,04329H,450,Long-Term,9000,2025,13,TRUE,NA,NA
467655-OIS,YK STONE CENTER INC,2025-03-05,17739,06750H,343,Medium-Term,9000,2025,17.1,TRUE,NA,NA
467653-OIS,YK STONE CENTER INC,2025-03-05,17737,04699H,375,Long-Term,9000,2025,24.299999999999997,FALSE,NA,NA
467650-OIS,YK STONE CENTER INC,2025-03-05,17734,06758H,440,Long-Term,9000,2025,26.4,FALSE,NA,NA
467652-OIS,YK STONE CENTER INC,2025-03-05,17736,06955H,400,Long-Term,9000,2025,15,FALSE,NA,NA
467649-OIS,YK STONE CENTER INC,2025-03-05,17733,06749H,448,Long-Term,9000,2025,15.100000000000001,FALSE,NA,NA
467451,DANDD STONE INC,2025-03-05,F54906,04282H,399,Long-Term,9000,2025,0,FALSE,NA,NA
467447,DANDD STONE INC,2025-03-05,F54905,05749H,407,Long-Term,9000,2025,16.8,FALSE,NA,NA
467641-OIS,YK STONE CENTER INC,2025-03-05,17727,04337H,421,Long-Term,9000,2025,26.599999999999998,FALSE,NA,NA
467441,DANDD STONE INC,2025-03-04,F54904,04261H,409,Long-Term,9000,2025,21.6,FALSE,NA,NA
467192,STRUCTURAL STONE LLC,2025-02-28,F54700,00716H,444,Long-Term,9000,2025,0,FALSE,NA,NA
467188,STRUCTURAL STONE LLC,2025-02-27,F54699,00825H,454,Long-Term,9000,2025,0,FALSE,NA,NA
467171,STRUCTURAL STONE LLC,2025-02-27,F54698,00829H,455,Long-Term,9000,2025,0,FALSE,NA,NA
466812,LAKAY STONE PRODUCTS,2025-02-24,F54391,09723C,257,Medium-Term,9000,2025,27.7,FALSE,NA,NA
466813,LAKAY STONE PRODUCTS,2025-02-24,F54393,04435H,254,Medium-Term,9000,2025,0,FALSE,NA,NA
466813,LAKAY STONE PRODUCTS,2025-02-24,F54394,08726C,119,Short-Term,9000,2025,0,FALSE,NA,NA
466812,LAKAY STONE PRODUCTS,2025-02-24,F54392,04322H,153,Medium-Term,9000,2025,0,FALSE,NA,NA
466441,BRAZILIAN STONE DESIGN LLC,2025-02-19,F54398,06921H,209,Medium-Term,9000,2025,85.6,FALSE,NA,NA
466449,BRAZILIAN STONE DESIGN LLC,2025-02-19,F54400,06536H,258,Medium-Term,9000,2025,149,FALSE,NA,NA
466441,BRAZILIAN STONE DESIGN LLC,2025-02-19,F54399,06704H,258,Medium-Term,9000,2025,264,FALSE,NA,NA
466449,BRAZILIAN STONE DESIGN LLC,2025-02-19,F54401,06918H,209,Medium-Term,9000,2025,198,FALSE,NA,NA
466453,BRAZILIAN STONE DESIGN LLC,2025-02-19,F54403,06678H,220,Medium-Term,9000,2025,0,FALSE,NA,NA
466453,BRAZILIAN STONE DESIGN LLC,2025-02-19,F54402,06706H,258,Medium-Term,9000,2025,0,FALSE,NA,NA
466324,NEW ENGLAND GRANITE AND MARBLE INC,2025-02-13,F54184,06345H,93,Short-Term,9000,2025,0,FALSE,NA,NA
466324,NEW ENGLAND GRANITE AND MARBLE INC,2025-02-13,F54185,06326H,165,Medium-Term,9000,2025,0,FALSE,NA,NA
466074,AVL LLC DBA ED GRANITE,2025-02-11,F54046,03385H,194,Medium-Term,9000,2025,65.8,FALSE,NA,NA
466074,AVL LLC DBA ED GRANITE,2025-02-11,F54045,03906H,254,Medium-Term,9000,2025,24.1,FALSE,NA,NA
466073,AVL LLC DBA ED GRANITE,2025-02-10,F54044,03282H,167,Medium-Term,9000,2025,71.5,FALSE,NA,NA
466073,AVL LLC DBA ED GRANITE,2025-02-10,F54043,03383H,261,Medium-Term,9000,2025,23.7,FALSE,NA,NA
466048,LOUIS W MIAN INC,2025-02-07,F54019,05997H,435,Long-Term,9000,2025,19.1,FALSE,NA,NA
466062,LOUIS W MIAN INC,2025-02-07,F54018,06000H,430,Long-Term,9000,2025,25.1,FALSE,NA,NA
466063,LOUIS W MIAN INC,2025-02-07,F54020,05988H,294,Medium-Term,9000,2025,24.7,FALSE,NA,NA
465114,MILESTONE NEW GENERATION,2025-01-30,F53745,04424H #D,320,Medium-Term,9000,2025,53.3,FALSE,NA,NA
465125,MILESTONE NEW GENERATION,2025-01-30,F53746,05771D #B,221,Medium-Term,9000,2025,1180,FALSE,NA,NA
465190,MILESTONE NEW GENERATION,2025-01-30,F53747,04432H #A,188,Medium-Term,9000,2025,1520,FALSE,NA,NA
465101,THE GRANITE COMPANY LLC,2025-01-30,F53738,06264H,451,Long-Term,9000,2025,13,FALSE,NA,NA
465191,MILESTONE NEW GENERATION,2025-01-30,F53749,04271H #E,155,Medium-Term,9000,2025,333,FALSE,NA,NA
465103,THE GRANITE COMPANY LLC,2025-01-30,F53739,06233H,463,Long-Term,9000,2025,13.2,FALSE,NA,NA
465111,THE GRANITE COMPANY LLC,2025-01-30,F53743,06217H,464,Long-Term,9000,2025,0,FALSE,NA,NA
465109,THE GRANITE COMPANY LLC,2025-01-30,F53742,06238H,467,Long-Term,9000,2025,16.8,FALSE,NA,NA
465107,THE GRANITE COMPANY LLC,2025-01-30,F53741,06165H,436,Long-Term,9000,2025,26.8,FALSE,NA,NA
465105,THE GRANITE COMPANY LLC,2025-01-30,F53740,06221H,469,Long-Term,9000,2025,0,FALSE,NA,NA
464738,SEASHORE MARBLE AND GRANITE,2025-01-28,F53726,04237H,221,Medium-Term,9000,2025,0,FALSE,NA,NA
464738,SEASHORE MARBLE AND GRANITE,2025-01-28,F53725,04027H,227,Medium-Term,9000,2025,0,FALSE,NA,NA
464744,SEASHORE MARBLE AND GRANITE,2025-01-28,F53728,04384H,204,Medium-Term,9000,2025,0,FALSE,NA,NA
464744,SEASHORE MARBLE AND GRANITE,2025-01-28,F53727,04308H,236,Medium-Term,9000,2025,0,FALSE,NA,NA
465211,JANDA STONE INC,2025-01-27,F53713,05297H,449,Long-Term,9000,2025,132,FALSE,NA,NA
465213,JANDA STONE INC,2025-01-27,F53714,05286H,466,Long-Term,9000,2025,90,FALSE,NA,NA
465207,DREAMS OF STONE LLC,2025-01-27,F53716,05809H,439,Long-Term,9000,2025,104,FALSE,NA,NA
465209,DREAMS OF STONE LLC,2025-01-27,F53717,03020H,453,Long-Term,9000,2025,197,FALSE,NA,NA
464671,LF MARBLE GRANITE PROFESSION INC,2025-01-24,F53633,06185H,190,Medium-Term,9000,2025,45.6,FALSE,NA,NA
464664,LF MARBLE GRANITE PROFESSION INC,2025-01-24,F53632,06057H,283,Medium-Term,9000,2025,26.2,FALSE,NA,NA
464673,LF MARBLE GRANITE PROFESSION INC,2025-01-24,F53634,06170H,287,Medium-Term,9000,2025,37,FALSE,NA,NA
465128,MILESTONE NEW GENERATION,2025-01-23,F53748,04277H #C,226,Medium-Term,9000,2025,147,FALSE,NA,NA
464393,MONTANA TILE AND STONE DESIGNERS LLC,2025-01-17,F53386,JB06352H,463,Long-Term,9000,2025,0,FALSE,NA,NA
464386,MONTANA TILE AND STONE DESIGNERS LLC,2025-01-17,F53384,ZM06288H,470,Long-Term,9000,2025,16.7,FALSE,NA,NA
464391,MONTANA TILE AND STONE DESIGNERS LLC,2025-01-17,F53385,TM05984H,463,Long-Term,9000,2025,0,FALSE,NA,NA
464317,SUMMIT SEALANTS AND RESTORATION SERVICES INC,2025-01-16,F53447,04576H,273,Medium-Term,9000,2025,0,FALSE,NA,NA
463881,DESANCTIS DEVELOPMENT CORPORATION,2025-01-15,F53432,04023H,185,Medium-Term,9000,2025,0,FALSE,NA,NA
463878,DESANCTIS DEVELOPMENT CORPORATION,2025-01-15,F53428,04541H,231,Medium-Term,9000,2025,41.3,FALSE,NA,NA
463880,DESANCTIS DEVELOPMENT CORPORATION,2025-01-15,F53430,04148H,473,Long-Term,9000,2025,19,FALSE,NA,NA
463878,DESANCTIS DEVELOPMENT CORPORATION,2025-01-15,F53429,03401H,183,Medium-Term,9000,2025,98,FALSE,NA,NA
463984,PINTER MEMORIALS INC,2025-01-15,F53530,01529H,456,Long-Term,9000,2025,0,FALSE,NA,NA
463920,ADAMANTIUM SOLUTIONS INC,2025-01-15,F53440,04339H,307,Medium-Term,9000,2025,0,FALSE,NA,NA
463921,ADAMANTIUM SOLUTIONS INC,2025-01-15,F53441,04328H,304,Medium-Term,9000,2025,23.1,FALSE,NA,NA
463923,ADAMANTIUM SOLUTIONS INC,2025-01-15,F53442,04325H,282,Medium-Term,9000,2025,0,FALSE,NA,NA
463881,DESANCTIS DEVELOPMENT CORPORATION,2025-01-15,F53431,04331H,238,Medium-Term,9000,2025,46,FALSE,NA,NA
463907,PINTER MEMORIALS INC,2025-01-15,F53529,01866H,371,Long-Term,9000,2025,0,FALSE,NA,NA
463658,CANDE GRANITE FABRICATION AND INSTALLATION LLC,2025-01-13,F53191,08619C,195,Medium-Term,9000,2025,57.9,FALSE,NA,NA
463658,CANDE GRANITE FABRICATION AND INSTALLATION LLC,2025-01-13,F53190,08934C,124,Medium-Term,9000,2025,0,FALSE,NA,NA
463662,CANDE GRANITE FABRICATION AND INSTALLATION LLC,2025-01-13,F53195,09757C,116,Short-Term,9000,2025,0,FALSE,NA,NA
463662,CANDE GRANITE FABRICATION AND INSTALLATION LLC,2025-01-13,F53194,08632C,194,Medium-Term,9000,2025,72.8,FALSE,NA,NA
463661,CANDE GRANITE FABRICATION AND INSTALLATION LLC,2025-01-13,F53193,09396C,120,Short-Term,9000,2025,0,FALSE,NA,NA
463625,FOSTORIA MONUMENT LLC,2025-01-08,F53161,05864H,178,Medium-Term,9000,2025,0,FALSE,NA,NA
460875,DAVIDSON STONE LLC,2024-11-18,F52141,05980H,201,Medium-Term,9000,2024,0,FALSE,NA,NA
460542,J AND S STONE LLC,2024-11-13,F51995,C.T04375H,442,Long-Term,9000,2024,0,FALSE,NA,NA
460541,J AND S STONE LLC,2024-11-13,F51994,R.G04618H,475,Long-Term,9000,2024,0,FALSE,NA,NA
460543,J AND S STONE LLC,2024-11-13,F51996,J.M04565H,475,Long-Term,9000,2024,0,FALSE,NA,NA
459868,GORDON CREEK GRANITE LLC,2024-10-31,F51716,04212H,479,Long-Term,9000,2024,12.7,FALSE,NA,NA
459882,GORDON CREEK GRANITE LLC,2024-10-31,F51714,04625H,470,Long-Term,9000,2024,0,FALSE,NA,NA
459872,GORDON CREEK GRANITE LLC,2024-10-31,F51713,04200H,458,Long-Term,9000,2024,0,FALSE,NA,NA
459876,GORDON CREEK GRANITE LLC,2024-10-31,F51717,04110H,440,Long-Term,9000,2024,44,FALSE,NA,NA
459880,GORDON CREEK GRANITE LLC,2024-10-31,F51715,04574H,416,Long-Term,9000,2024,0,FALSE,NA,NA
459701,TOMBALL GRANITE AND MARBLE,2024-10-30,F51732,08578D,156,Medium-Term,9000,2024,0,FALSE,NA,NA
459998,BIANCHIS TILE AND MARBLE,2024-10-30,F51702,D1,359,Medium-Term,9000,2024,0,FALSE,NA,NA
459698,TOMBALL GRANITE AND MARBLE,2024-10-30,F51731,08609D,159,Medium-Term,9000,2024,0,FALSE,NA,NA
459448,ROCK SOLID CUT STONE AND SUPPLY,2024-10-28,F51475,06377H,222,Medium-Term,9000,2024,0,FALSE,NA,NA
459448,ROCK SOLID CUT STONE AND SUPPLY,2024-10-28,F51474,06388H,185,Medium-Term,9000,2024,0,FALSE,NA,NA
459446,ROCK SOLID CUT STONE AND SUPPLY,2024-10-28,F51472,06395H,212,Medium-Term,9000,2024,0,FALSE,NA,NA
459446,ROCK SOLID CUT STONE AND SUPPLY,2024-10-28,F51473,06045H,187,Medium-Term,9000,2024,0,FALSE,NA,NA
459734,GT STONE GRANITE LLC,2024-10-25,F51739,03674H,118,Short-Term,9000,2024,155,FALSE,NA,NA
459866,GT STONE GRANITE LLC,2024-10-25,F51751,03154H,109,Short-Term,9000,2024,55.8,FALSE,NA,NA
459866,GT STONE GRANITE LLC,2024-10-25,F51752,03245H,118,Short-Term,9000,2024,52.5,FALSE,NA,NA
459859,GT STONE GRANITE LLC,2024-10-25,F51745,03957H,111,Short-Term,9000,2024,178,FALSE,NA,NA
459859,GT STONE GRANITE LLC,2024-10-25,F51746,03663H,100,Short-Term,9000,2024,362,FALSE,NA,NA
459859,GT STONE GRANITE LLC,2024-10-25,F51747,03131H,111,Short-Term,9000,2024,279,FALSE,NA,NA
459859,GT STONE GRANITE LLC,2024-10-25,F51748,04671H,109,Short-Term,9000,2024,245,FALSE,NA,NA
459857,GT STONE GRANITE LLC,2024-10-25,F51741,04332H,112,Short-Term,9000,2024,136,FALSE,NA,NA
459857,GT STONE GRANITE LLC,2024-10-25,F51742,03107H,110,Short-Term,9000,2024,144,FALSE,NA,NA
459857,GT STONE GRANITE LLC,2024-10-25,F51743,03092H,121,Medium-Term,9000,2024,101,FALSE,NA,NA
459857,GT STONE GRANITE LLC,2024-10-25,F51744,04686H,109,Short-Term,9000,2024,71.9,FALSE,NA,NA
459734,GT STONE GRANITE LLC,2024-10-25,F51737,04223H,109,Short-Term,9000,2024,60.8,FALSE,NA,NA
459734,GT STONE GRANITE LLC,2024-10-25,F51738,04333H,108,Short-Term,9000,2024,85.8,FALSE,NA,NA
459866,GT STONE GRANITE LLC,2024-10-25,F51750,04497H,101,Short-Term,9000,2024,68.9,FALSE,NA,NA
459866,GT STONE GRANITE LLC,2024-10-25,F51749,03659H,115,Short-Term,9000,2024,91,FALSE,NA,NA
459734,GT STONE GRANITE LLC,2024-10-25,F51740,04667H,108,Short-Term,9000,2024,180,FALSE,NA,NA
459373,M724 GRANITE LLC,2024-10-25,F51481,EP-712,276,Medium-Term,9000,2024,103,FALSE,NA,NA
459382,M724 GRANITE LLC,2024-10-25,F51483,EP-714,265,Medium-Term,9000,2024,0,FALSE,NA,NA
459436,PINTER MEMORIALS INC,2024-10-24,F51611,01526H,166,Medium-Term,9000,2024,335,FALSE,NA,NA
459433,PINTER MEMORIALS INC,2024-10-24,F51614,01780H,366,Long-Term,9000,2024,0,FALSE,NA,NA
459434,PINTER MEMORIALS INC,2024-10-24,F51615,01607H,185,Medium-Term,9000,2024,32.2,FALSE,NA,NA
459436,PINTER MEMORIALS INC,2024-10-24,F51612,01775H,286,Medium-Term,9000,2024,35.5,FALSE,NA,NA
459442,PINTER MEMORIALS INC,2024-10-24,F51610,01519H,307,Medium-Term,9000,2024,181,FALSE,NA,NA
458707,GRANITE RADIANCE INC,2024-10-17,F51405,03310H,251,Medium-Term,9000,2024,69.6,FALSE,NA,NA
458705,GRANITE RADIANCE INC,2024-10-17,F51403,03915H,235,Medium-Term,9000,2024,39,FALSE,NA,NA
458707,GRANITE RADIANCE INC,2024-10-17,F51404,03369H,164,Medium-Term,9000,2024,0,FALSE,NA,NA
458705,GRANITE RADIANCE INC,2024-10-17,F51402,03279H,161,Medium-Term,9000,2024,0,FALSE,NA,NA
458649,DAVIDSON STONE LLC,2024-10-15,F51203,02320D,43,Short-Term,9000,2024,0,FALSE,NA,NA
458209,ARTELYE INC,2024-10-10,F51118,J1,448,Long-Term,9000,2024,22.2,FALSE,NA,NA
458223,ARTELYE INC,2024-10-10,F51117,A1,452,Long-Term,9000,2024,33.3,FALSE,NA,NA
458238,ARTELYE INC,2024-10-10,F51116,M1,445,Long-Term,9000,2024,26.3,FALSE,NA,NA
458214,ARTELYE INC,2024-10-10,F51114,R1,272,Medium-Term,9000,2024,0,FALSE,NA,NA
458214,ARTELYE INC,2024-10-10,F51115,R2,176,Medium-Term,9000,2024,0,FALSE,NA,NA
458677,LMC SLAB AND TILE,2024-10-09,F51206,1-JUL,220,Medium-Term,9000,2024,0,FALSE,NA,NA
458677,LMC SLAB AND TILE,2024-10-09,F51207,1-JAN,133,Medium-Term,9000,2024,0,FALSE,NA,NA
458684,LMC SLAB AND TILE,2024-10-09,F51208,1-APR,325,Medium-Term,9000,2024,0,FALSE,NA,NA
457157,MASTER COUNTERTOPS ARTISANS IN MARBLE AND GRANITE IN,2024-09-24,F50783,04118H,390,Long-Term,9000,2024,29.8,FALSE,NA,NA
457153,MASTER COUNTERTOPS ARTISANS IN MARBLE AND GRANITE IN,2024-09-24,F50782,04362H,378,Long-Term,9000,2024,19.2,FALSE,NA,NA
457150,MASTER COUNTERTOPS ARTISANS IN MARBLE AND GRANITE IN,2024-09-24,F50781,04357H,379,Long-Term,9000,2024,20.3,FALSE,NA,NA
456831,GLOBAL GRANITE CORPORATION,2024-09-11,F50618,JS1,367,Long-Term,9000,2024,115,FALSE,NA,NA
456830,GLOBAL GRANITE CORPORATION,2024-09-11,F50617,LD1,378,Long-Term,9000,2024,96.1,FALSE,NA,NA
456829,GLOBAL GRANITE CORPORATION,2024-09-11,F50616,RM1,437,Long-Term,9000,2024,24,FALSE,NA,NA
456051,STONE CENTER,2024-09-04,F50414,05073H,187,Medium-Term,9000,2024,0,FALSE,NA,NA
456051,STONE CENTER,2024-09-04,F50415,00855H,177,Medium-Term,9000,2024,102,FALSE,NA,NA
456057,STONE CENTER,2024-09-04,F50417,05211H,355,Medium-Term,9000,2024,0,FALSE,NA,NA
455950,BELLA CASA COUNTERTOPS AND STONE,2024-09-03,F50316,B002S,162,Medium-Term,9000,2024,0,FALSE,NA,NA
455950,BELLA CASA COUNTERTOPS AND STONE,2024-09-03,F50315,B001S,250,Medium-Term,9000,2024,0,FALSE,NA,NA
455951,BELLA CASA COUNTERTOPS AND STONE,2024-09-03,F50317,R001S,246,Medium-Term,9000,2024,0,FALSE,NA,NA
455951,BELLA CASA COUNTERTOPS AND STONE,2024-09-03,F50318,R002S,162,Medium-Term,9000,2024,0,FALSE,NA,NA
455952,BELLA CASA COUNTERTOPS AND STONE,2024-09-03,F50319,T001S,240,Medium-Term,9000,2024,0,FALSE,NA,NA
455816,GQM STONE SOLUTIONS INC,2024-08-29,F50265,05279H,379,Long-Term,9000,2024,18.9,FALSE,NA,NA
455817,GQM STONE SOLUTIONS INC,2024-08-29,F50266,05492H,366,Long-Term,9000,2024,28.2,FALSE,NA,NA
455207,MEDITERRANEAN MARBLE OF THE GULF COAST INC,2024-08-22,F50002,09540D,95,Short-Term,9000,2024,0,FALSE,NA,NA
455199,MEDITERRANEAN MARBLE OF THE GULF COAST INC,2024-08-22,F49999,08968D,126,Medium-Term,9000,2024,0,FALSE,NA,NA
455199,MEDITERRANEAN MARBLE OF THE GULF COAST INC,2024-08-22,F50000,09154D,226,Medium-Term,9000,2024,0,FALSE,NA,NA
455211,MEDITERRANEAN MARBLE OF THE GULF COAST INC,2024-08-22,F50003,09893D,103,Short-Term,9000,2024,0,FALSE,NA,NA
455207,MEDITERRANEAN MARBLE OF THE GULF COAST INC,2024-08-22,F50001,09913D,198,Medium-Term,9000,2024,0,FALSE,NA,NA
455221,MEDITERRANEAN MARBLE OF THE GULF COAST INC,2024-08-22,F50005,09882D,112,Short-Term,9000,2024,0,FALSE,NA,NA
455221,MEDITERRANEAN MARBLE OF THE GULF COAST INC,2024-08-22,F50006,08933D,201,Medium-Term,9000,2024,0,FALSE,NA,NA
455211,MEDITERRANEAN MARBLE OF THE GULF COAST INC,2024-08-22,F50004,09574D,137,Medium-Term,9000,2024,0,FALSE,NA,NA
455341,WENDELL BENNETT,2024-08-21,F50139,01851H,56,Short-Term,9000,2024,0,FALSE,NA,NA
455341,WENDELL BENNETT,2024-08-21,F50138,01798H,190,Medium-Term,9000,2024,0,FALSE,NA,NA
455342,WENDELL BENNETT,2024-08-21,F50140,01786H,58,Short-Term,9000,2024,0,FALSE,NA,NA
455718,ROCKIT NATURAL STONE,2024-08-20,F51060,06773E,228,Medium-Term,9000,2024,126,FALSE,NA,NA
457809,ROCKIT NATURAL STONE,2024-08-20,F51055,06376E,300,Medium-Term,9000,2024,363,FALSE,NA,NA
455714,ROCKIT NATURAL STONE,2024-08-20,F51057,06262E,238,Medium-Term,9000,2024,146,FALSE,NA,NA
455714,ROCKIT NATURAL STONE,2024-08-20,F51058,06510E,228,Medium-Term,9000,2024,114,FALSE,NA,NA
455144,STONE CENTER,2024-08-20,F49996,04957H,128,Medium-Term,9000,2024,349,FALSE,NA,NA
457809,ROCKIT NATURAL STONE,2024-08-20,F51056,06501E,157,Medium-Term,9000,2024,1270,FALSE,NA,NA
455718,ROCKIT NATURAL STONE,2024-08-20,F51059,06280E,238,Medium-Term,9000,2024,77.8,FALSE,NA,NA
454838,TBR MARBLE AND GRANITE,2024-08-14,F49898,05538H,381,Long-Term,9000,2024,15.1,FALSE,NA,NA
454845,TBR MARBLE AND GRANITE,2024-08-14,F49899,05259H,422,Long-Term,9000,2024,14.2,FALSE,NA,NA
454712,GRANITE DESIGN FOR YOU INC,2024-08-14,F49853,05537H,338,Medium-Term,9000,2024,19.2,FALSE,NA,NA
454836,TBR MARBLE AND GRANITE,2024-08-14,F49900,05788H,363,Long-Term,9000,2024,0,FALSE,NA,NA
454710,GRANITE DESIGN FOR YOU INC,2024-08-14,F49851,05472H,363,Long-Term,9000,2024,92,FALSE,NA,NA
454711,GRANITE DESIGN FOR YOU INC,2024-08-14,F49852,05496H,344,Medium-Term,9000,2024,48,FALSE,NA,NA
453537,HOUSE OF GRANITE,2024-08-05,F49609,3389,304,Medium-Term,9000,2024,0,FALSE,NA,NA
453539,HOUSE OF GRANITE,2024-08-05,F49610,08659C,471,Long-Term,9000,2024,18.7,FALSE,NA,NA
453619,HOUSE OF GRANITE,2024-08-05,F49607,03306H,459,Long-Term,9000,2024,17.9,FALSE,NA,NA
453540,HOUSE OF GRANITE,2024-08-05,F49608,04236H,459,Long-Term,9000,2024,12.8,FALSE,NA,NA
453439,HOPE HAVEN MARBLE AND GRANITE,2024-08-01,F49698,C01,371,Long-Term,9000,2024,0,FALSE,NA,NA
453437,HOPE HAVEN MARBLE AND GRANITE,2024-08-01,F49697,B01,360,Long-Term,9000,2024,0,FALSE,NA,NA
452523,ANGELOS MARBLE AND GRANITE INC,2024-07-24,F49205,04068H,345,Medium-Term,9000,2024,60.5,FALSE,NA,NA
452640,ANGELOS MARBLE AND GRANITE INC,2024-07-24,F49206,04545H,347,Medium-Term,9000,2024,29.5,FALSE,NA,NA
452642,ANGELOS MARBLE AND GRANITE INC,2024-07-24,F49207,04143H,343,Medium-Term,9000,2024,51.8,FALSE,NA,NA
452376,GRANITE EVOLUTION INC,2024-07-17,F49155,SAL0250,454,Long-Term,9000,2024,24.9,FALSE,NA,NA
452379,GRANITE EVOLUTION INC,2024-07-17,F49157,SAL0252,398,Long-Term,9000,2024,58.6,FALSE,NA,NA
452232,MEIER GRANITE COMPANY,2024-07-17,F49061,02874H,461,Long-Term,9000,2024,259,FALSE,NA,NA
452378,GRANITE EVOLUTION INC,2024-07-17,F49156,SAL0251,469,Long-Term,9000,2024,17,FALSE,NA,NA
452239,MEIER GRANITE COMPANY,2024-07-17,F49060,03519H,462,Long-Term,9000,2024,29.8,FALSE,NA,NA
452309,MEIER GRANITE COMPANY,2024-07-17,F49059,01391H,466,Long-Term,9000,2024,12.6,FALSE,NA,NA
452183,PROMILL MANUFACTURING,2024-07-11,F49289,PH1,174,Medium-Term,9000,2024,0,FALSE,NA,NA
452183,PROMILL MANUFACTURING,2024-07-11,F49290,PH2,122,Medium-Term,9000,2024,0,FALSE,NA,NA
452182,PROMILL MANUFACTURING,2024-07-11,F49287,JP1,177,Medium-Term,9000,2024,33.3,FALSE,NA,NA
452182,PROMILL MANUFACTURING,2024-07-11,F49288,JP2,125,Medium-Term,9000,2024,0,FALSE,NA,NA
452599,PROMILL MANUFACTURING,2024-07-11,F49291,AB1,173,Medium-Term,9000,2024,0,FALSE,NA,NA
452599,PROMILL MANUFACTURING,2024-07-11,F49292,AB2,123,Medium-Term,9000,2024,0,FALSE,NA,NA
451805,METRO MARBLE AND GRANITE LLC,2024-07-11,F48849,W7479,173,Medium-Term,9000,2024,0,FALSE,NA,NA
451804,METRO MARBLE AND GRANITE LLC,2024-07-11,F48848,03876D,232,Medium-Term,9000,2024,0,FALSE,NA,NA
451803,METRO MARBLE AND GRANITE LLC,2024-07-11,F48847,08356D,241,Medium-Term,9000,2024,25.4,FALSE,NA,NA
451802,METRO MARBLE AND GRANITE LLC,2024-07-11,F48846,08296D,244,Medium-Term,9000,2024,0,FALSE,NA,NA
451728,STONEMODE GRANITE LLC,2024-07-10,F48839,09820C,480,Long-Term,9000,2024,18,FALSE,NA,NA
451729,STONEMODE GRANITE LLC,2024-07-10,F48840,02419D,480,Long-Term,9000,2024,42.3,FALSE,NA,NA
451730,STONEMODE GRANITE LLC,2024-07-10,F48841,02639H,480,Long-Term,9000,2024,16.3,FALSE,NA,NA
451817,TBR MARBLE AND GRANITE,2024-07-10,F48862,07876E,410,Long-Term,9000,2024,14.9,FALSE,NA,NA
451450,FORO MARBLE CO INC,2024-07-02,F48676,02221H,306,Medium-Term,9000,2024,0,FALSE,NA,NA
451377,APE STONE MARBLE AND GRANITE,2024-07-02,F49043,FY 1414-1,270,Medium-Term,9000,2024,50.6,FALSE,NA,NA
451449,FORO MARBLE CO INC,2024-07-02,F48677,02547H,402,Long-Term,9000,2024,58.5,FALSE,NA,NA
451447,FORO MARBLE CO INC,2024-07-02,F48675,07546E,409,Long-Term,9000,2024,16.6,FALSE,NA,NA
451451,FORO MARBLE CO INC,2024-07-02,F48674,02544H,360,Long-Term,9000,2024,0,FALSE,NA,NA
450353,MARBLE CRAFTERS INC,2024-06-18,F48348,04196H,274,Medium-Term,9000,2024,0,FALSE,NA,NA
450372,MARBLE CRAFTERS INC,2024-06-18,F48346,04201H,337,Medium-Term,9000,2024,0,FALSE,NA,NA
450370,MARBLE CRAFTERS INC,2024-06-18,F48347,04521H,312,Medium-Term,9000,2024,0,FALSE,NA,NA
450362,MARBLE CRAFTERS INC,2024-06-18,F48349,04081H,349,Medium-Term,9000,2024,0,FALSE,NA,NA
450368,MARBLE CRAFTERS INC,2024-06-18,F48350,04391H,335,Medium-Term,9000,2024,0,FALSE,NA,NA
450711,THE GRANITE SHOP,2024-06-12,F48502,02402E,410,Long-Term,9000,2024,355,FALSE,NA,NA
449762,STONE CITY KITCHEN AND BATH,2024-06-10,F48131,03829H,189,Medium-Term,9000,2024,244,FALSE,NA,NA
449764,STONE CITY KITCHEN AND BATH,2024-06-10,F48133,03399H,185,Medium-Term,9000,2024,52.1,FALSE,NA,NA
449763,STONE CITY KITCHEN AND BATH,2024-06-10,F48132,03718H,190,Medium-Term,9000,2024,0,FALSE,NA,NA
449601,COASTAL GRANITE AND MARBLE,2024-06-07,F48023,MG1,300,Medium-Term,9000,2024,23.5,FALSE,NA,NA
449517,ARTELYE INC,2024-06-07,F48016,JE92,464,Long-Term,9000,2024,34.2,FALSE,NA,NA
449518,ARTELYE INC,2024-06-07,F48015,JC89,474,Long-Term,9000,2024,37.2,FALSE,NA,NA
449516,ARTELYE INC,2024-06-07,F48013,JP93,462,Long-Term,9000,2024,29.3,FALSE,NA,NA
449514,ARTELYE INC,2024-06-07,F48014,CA91,403,Long-Term,9000,2024,17.5,FALSE,NA,NA
449515,ARTELYE INC,2024-06-07,F48017,RB90,450,Long-Term,9000,2024,16.5,FALSE,NA,NA
449609,COASTAL GRANITE AND MARBLE,2024-06-07,F48025,EH1,300,Medium-Term,9000,2024,0,FALSE,NA,NA
449601,COASTAL GRANITE AND MARBLE,2024-06-07,F48024,MG2,180,Medium-Term,9000,2024,78.4,FALSE,NA,NA
449609,COASTAL GRANITE AND MARBLE,2024-06-07,F48026,EH2,180,Medium-Term,9000,2024,0,FALSE,NA,NA
449587,QUALITY MONUMENT SALES INC,2024-06-06,F48021,00086H,160,Medium-Term,9000,2024,0,FALSE,NA,NA
449539,JONES STONE AND MARBLE INC,2024-06-05,F48162,01713H,418,Long-Term,9000,2024,21.4,FALSE,NA,NA
449590,GRANITE CITY MONUMENTS LLC,2024-06-05,F48019,00149H,307,Medium-Term,9000,2024,0,FALSE,NA,NA
449232,OVERSEAS MANUFACTURING AND SUPPLY INC,2024-06-04,F47923,04373D,372,Long-Term,9000,2024,34.1,FALSE,NA,NA
449215,OVERSEAS MANUFACTURING AND SUPPLY INC,2024-06-04,F47922,02423D,376,Long-Term,9000,2024,25.7,FALSE,NA,NA
449242,THE MARBLE FACTORY INC,2024-06-03,F47865,3982A,340,Medium-Term,9000,2024,29.2,FALSE,NA,NA
449240,THE MARBLE FACTORY INC,2024-06-03,F47864,3572A,355,Medium-Term,9000,2024,35.8,FALSE,NA,NA
449237,THE MARBLE FACTORY INC,2024-06-03,F47863,04726C,302,Medium-Term,9000,2024,0,FALSE,NA,NA
449241,THE MARBLE FACTORY INC,2024-06-03,F47866,00577E,345,Medium-Term,9000,2024,81.4,FALSE,NA,NA
448415,CHOICE GRANITE AND MARBLE LLC,2024-05-28,F47735,04649H,443,Long-Term,9000,2024,37.2,FALSE,NA,NA
448411,CHOICE GRANITE AND MARBLE LLC,2024-05-28,F47734,04652H,439,Long-Term,9000,2024,98.7,FALSE,NA,NA
448353,DAMELIO BROTHERS CAST STONEDBI CAST STONE,2024-05-23,F47596,08210E,180,Medium-Term,9000,2024,0,FALSE,NA,NA
448353,DAMELIO BROTHERS CAST STONEDBI CAST STONE,2024-05-23,F47597,00633E,225,Medium-Term,9000,2024,0,FALSE,NA,NA
448360,DAMELIO BROTHERS CAST STONEDBI CAST STONE,2024-05-23,F47602,00959E,225,Medium-Term,9000,2024,0,FALSE,NA,NA
448360,DAMELIO BROTHERS CAST STONEDBI CAST STONE,2024-05-23,F47603,00925E,195,Medium-Term,9000,2024,0,FALSE,NA,NA
448355,DAMELIO BROTHERS CAST STONEDBI CAST STONE,2024-05-23,F47599,00806E,225,Medium-Term,9000,2024,0,FALSE,NA,NA
448359,DAMELIO BROTHERS CAST STONEDBI CAST STONE,2024-05-23,F47601,04453E,225,Medium-Term,9000,2024,0,FALSE,NA,NA
448359,DAMELIO BROTHERS CAST STONEDBI CAST STONE,2024-05-23,F47600,08026E,195,Medium-Term,9000,2024,0,FALSE,NA,NA
448355,DAMELIO BROTHERS CAST STONEDBI CAST STONE,2024-05-23,F47598,00803E,210,Medium-Term,9000,2024,0,FALSE,NA,NA
448060,CLASSIC KITCHENS OF BREVARD INC,2024-05-21,F47572,04278H,252,Medium-Term,9000,2024,0,FALSE,NA,NA
449046,RYE MARBLE,2024-05-21,F47886,01090H,493,Long-Term,9000,2024,18.2,FALSE,NA,NA
449053,RYE MARBLE,2024-05-21,F47885,01138H,482,Long-Term,9000,2024,14.7,FALSE,NA,NA
448062,CLASSIC KITCHENS OF BREVARD INC,2024-05-21,F47573,03962H,377,Long-Term,9000,2024,54.5,FALSE,NA,NA
449056,RYE MARBLE,2024-05-21,F47883,01205H,472,Long-Term,9000,2024,16.2,FALSE,NA,NA
448063,CLASSIC KITCHENS OF BREVARD INC,2024-05-21,F47574,04085H,248,Medium-Term,9000,2024,36.5,FALSE,NA,NA
449055,RYE MARBLE,2024-05-21,F47884,01152H,479,Long-Term,9000,2024,13.8,FALSE,NA,NA
448138,BROWNSTONE MEMORIALS INC,2024-05-16,F47393,05902D,297,Medium-Term,9000,2024,23.8,FALSE,NA,NA
448136,BROWNSTONE MEMORIALS INC,2024-05-16,F47392,00438H,212,Medium-Term,9000,2024,0,FALSE,NA,NA
447643,JONES STONE AND MARBLE INC,2024-05-15,F47369,04594H,420,Long-Term,9000,2024,14,FALSE,NA,NA
447566,ARDMORE MONUMENT COMPANY,2024-05-14,F47234,01867H,420,Long-Term,9000,2024,51.8,FALSE,NA,NA
446923,FUNKY ROCK DESIGNS,2024-05-03,F46956,09786C,231,Medium-Term,9000,2024,36.4,FALSE,NA,NA
446928,FUNKY ROCK DESIGNS,2024-05-03,F46952,09475C,220,Medium-Term,9000,2024,0,FALSE,NA,NA
446928,FUNKY ROCK DESIGNS,2024-05-03,F46951,09735C,240,Medium-Term,9000,2024,0,FALSE,NA,NA
446924,FUNKY ROCK DESIGNS,2024-05-03,F46954,09193C,250,Medium-Term,9000,2024,0,FALSE,NA,NA
446924,FUNKY ROCK DESIGNS,2024-05-03,F46953,09741C,229,Medium-Term,9000,2024,0,FALSE,NA,NA
446923,FUNKY ROCK DESIGNS,2024-05-03,F46957,S800,240,Medium-Term,9000,2024,0,FALSE,NA,NA
446698,PITELL GRANITE,2024-05-01,F46740,04014H,66,Short-Term,9000,2024,0,FALSE,NA,NA
446874,CASA DAL MARE INC,2024-05-01,F46732,03341H,409,Long-Term,9000,2024,164,FALSE,NA,NA
446873,CASA DAL MARE INC,2024-05-01,F46731,03327H,505,Long-Term,9000,2024,28.1,FALSE,NA,NA
446870,CASA DAL MARE INC,2024-05-01,F46729,03970H,346,Medium-Term,9000,2024,268,FALSE,NA,NA
446871,CASA DAL MARE INC,2024-05-01,F46730,03345H,486,Long-Term,9000,2024,111,FALSE,NA,NA
446697,PITELL GRANITE,2024-05-01,F46739,03322H,138,Medium-Term,9000,2024,0,FALSE,NA,NA
446643,BERRY MARBLE COMPANY INC,2024-04-30,F46558,01312H,444,Long-Term,9000,2024,13.2,FALSE,NA,NA
446642,BERRY MARBLE COMPANY INC,2024-04-30,F46557,02763H,453,Long-Term,9000,2024,13.1,FALSE,NA,NA
447173,CUSTOM STONE OF WNY,2024-04-29,F47720,00187H,61,Short-Term,9000,2024,0,FALSE,NA,NA
447174,CUSTOM STONE OF WNY,2024-04-29,F47719,09509C,85,Short-Term,9000,2024,0,FALSE,NA,NA
447076,DURAMAR VENUS KITCHEN AND BATH SYSTEMS,2024-04-26,F46931,02616H,325,Medium-Term,9000,2024,32.4,FALSE,NA,NA
447074,DURAMAR VENUS KITCHEN AND BATH SYSTEMS,2024-04-26,F46932,02628H,335,Medium-Term,9000,2024,0,FALSE,NA,NA
447077,DURAMAR VENUS KITCHEN AND BATH SYSTEMS,2024-04-26,F46930,03211H,325,Medium-Term,9000,2024,36,FALSE,NA,NA
446043,ASCO INDUSTRIES LLC,2024-04-25,F46331,03118H,429,Long-Term,9000,2024,28.4,FALSE,NA,NA
446027,ASCO INDUSTRIES LLC,2024-04-25,F46330,03110H,415,Long-Term,9000,2024,44.2,FALSE,NA,NA
446008,ASCO INDUSTRIES LLC,2024-04-25,F46329,02922H,437,Long-Term,9000,2024,23.8,FALSE,NA,NA
446124,BAJA DESIGN INC,2024-04-24,F46285,08546C,415,Long-Term,9000,2024,161,FALSE,NA,NA
445894,THE GRANITE AND MARBLE DEPOT INC,2024-04-24,F46430,00291H,436,Long-Term,9000,2024,0,FALSE,NA,NA
445900,THE GRANITE AND MARBLE DEPOT INC,2024-04-24,F46429,00210H,433,Long-Term,9000,2024,13.6,FALSE,NA,NA
446126,BAJA DESIGN INC,2024-04-24,F46286,08575C,460,Long-Term,9000,2024,0,FALSE,NA,NA
445898,THE GRANITE AND MARBLE DEPOT INC,2024-04-24,F46428,00206H,434,Long-Term,9000,2024,13.8,FALSE,NA,NA
446128,BAJA DESIGN INC,2024-04-24,F46284,08556C,423,Long-Term,9000,2024,30.4,FALSE,NA,NA
445754,HUNTSVILLE GRANITE AND MARBLE LLC,2024-04-23,F46335,00768H,155,Medium-Term,9000,2024,46.6,FALSE,NA,NA
445754,HUNTSVILLE GRANITE AND MARBLE LLC,2024-04-23,F46334,00022H,115,Short-Term,9000,2024,237,FALSE,NA,NA
445754,HUNTSVILLE GRANITE AND MARBLE LLC,2024-04-23,F46333,01861H,109,Short-Term,9000,2024,258,FALSE,NA,NA
445755,HUNTSVILLE GRANITE AND MARBLE LLC,2024-04-23,F46337,00770H,115,Short-Term,9000,2024,0,FALSE,NA,NA
445755,HUNTSVILLE GRANITE AND MARBLE LLC,2024-04-23,F46336,01532H,261,Medium-Term,9000,2024,25.5,FALSE,NA,NA
445826,ORYS GRANITE TOPS LLC,2024-04-22,F46288,04995C,290,Medium-Term,9000,2024,0,FALSE,NA,NA
445827,ORYS GRANITE TOPS LLC,2024-04-22,F46289,04500E,325,Medium-Term,9000,2024,19.5,FALSE,NA,NA
445669,HASTONE CABINETRY AND COUNTERTOPS,2024-04-19,F46272,05917D,443,Long-Term,9000,2024,40.8,FALSE,NA,NA
445670,HASTONE CABINETRY AND COUNTERTOPS,2024-04-19,F46273,01643H,440,Long-Term,9000,2024,13.7,FALSE,NA,NA
445435,JONES STONE AND MARBLE INC,2024-04-17,F46142,03839H,398,Long-Term,9000,2024,67.3,FALSE,NA,NA
445434,JONES STONE AND MARBLE INC,2024-04-17,F46141,03837H,401,Long-Term,9000,2024,38.2,FALSE,NA,NA
445250,QUARRYCUT INC,2024-04-16,F45911,03103H,321,Medium-Term,9000,2024,245,FALSE,NA,NA
445243,QUARRYCUT INC,2024-04-16,F45909,03105H,336,Medium-Term,9000,2024,49,FALSE,NA,NA
445249,QUARRYCUT INC,2024-04-16,F45910,03144H,312,Medium-Term,9000,2024,67,FALSE,NA,NA
445020,CRAIG BAKER MARBLE AND GRANITE FABRICATION,2024-04-10,F45833,03819H,283,Medium-Term,9000,2024,47.8,FALSE,NA,NA
445016,CRAIG BAKER MARBLE AND GRANITE FABRICATION,2024-04-10,F45834,03443H,288,Medium-Term,9000,2024,129,FALSE,NA,NA
445023,CRAIG BAKER MARBLE AND GRANITE FABRICATION,2024-04-10,F45831,03419H,135,Medium-Term,9000,2024,0,FALSE,NA,NA
444827,CORAL MARBLE AND GRANITE CORPORATION,2024-04-10,F45675,07590E,243,Medium-Term,9000,2024,283,FALSE,NA,NA
444769,CORAL MARBLE AND GRANITE CORPORATION,2024-04-10,F45674,07107E,274,Medium-Term,9000,2024,170,FALSE,NA,NA
444735,JUBILEE MARBLE INC,2024-04-09,F45623,03230H,433,Long-Term,9000,2024,0,FALSE,NA,NA
444728,JUBILEE MARBLE INC,2024-04-09,F45622,03224H,423,Long-Term,9000,2024,0,FALSE,NA,NA
444732,JUBILEE MARBLE INC,2024-04-09,F45624,01459H,441,Long-Term,9000,2024,0,FALSE,NA,NA
444752,LM GRANITE TOPS LLC,2024-04-09,F45677,04883C,165,Medium-Term,9000,2024,43.5,FALSE,NA,NA
444752,LM GRANITE TOPS LLC,2024-04-09,F45678,05018C,135,Medium-Term,9000,2024,0,FALSE,NA,NA
444263,VENETIAN MARBLE AND GRANITE,2024-04-03,F45506,09724C,362,Long-Term,9000,2024,0,FALSE,NA,NA
444256,VENETIAN MARBLE AND GRANITE,2024-04-03,F45503,09703C,383,Long-Term,9000,2024,0,FALSE,NA,NA
444258,VENETIAN MARBLE AND GRANITE,2024-04-03,F45504,09308C,383,Long-Term,9000,2024,40.7,FALSE,NA,NA
444261,VENETIAN MARBLE AND GRANITE,2024-04-03,F45505,09710C,373,Long-Term,9000,2024,0,FALSE,NA,NA
444519,MONTROSE MARBLE AND GRANITE,2024-04-03,F45626,08803D,278,Medium-Term,9000,2024,22,FALSE,NA,NA
444074,FOX CHAPEL STONE AND SUPPLY INC,2024-04-02,F45499,03713H,466,Long-Term,9000,2024,12.6,FALSE,NA,NA
444082,FOX CHAPEL STONE AND SUPPLY INC,2024-04-02,F45501,03995H,302,Medium-Term,9000,2024,66.6,FALSE,NA,NA
444080,FOX CHAPEL STONE AND SUPPLY INC,2024-04-02,F45500,03321H,464,Long-Term,9000,2024,17.8,FALSE,NA,NA
443896,BAJA DESIGN INC,2024-03-28,F45563,08476D,218,Medium-Term,9000,2024,256,FALSE,NA,NA
443662,IVO GRANITE LLC,2024-03-28,F45383,01711H,438,Long-Term,9000,2024,0,FALSE,NA,NA
443670,IVO GRANITE LLC,2024-03-28,F45384,01960H,286,Medium-Term,9000,2024,0,FALSE,NA,NA
443869,STRUCTURAL STONE LLC,2024-03-28,F45391,00212H,406,Long-Term,9000,2024,14.2,FALSE,NA,NA
443867,STRUCTURAL STONE LLC,2024-03-28,F45390,00724H,463,Long-Term,9000,2024,13.7,FALSE,NA,NA
443866,STRUCTURAL STONE LLC,2024-03-28,F45389,00830H,491,Long-Term,9000,2024,34.1,FALSE,NA,NA
443860,STRUCTURAL STONE LLC,2024-03-28,F45388,00847H,467,Long-Term,9000,2024,12.4,FALSE,NA,NA
443855,STRUCTURAL STONE LLC,2024-03-28,F45387,00843H,439,Long-Term,9000,2024,59.9,FALSE,NA,NA
443844,STRUCTURAL STONE LLC,2024-03-28,F45386,00747H,442,Long-Term,9000,2024,18.3,FALSE,NA,NA
443897,BAJA DESIGN INC,2024-03-28,F45562,08007C,228,Medium-Term,9000,2024,310,FALSE,NA,NA
443895,BAJA DESIGN INC,2024-03-28,F45557,08308D,225,Medium-Term,9000,2024,63,FALSE,NA,NA
443552,CHOICE GRANITE AND MARBLE LLC,2024-03-27,F45169,03929H,345,Medium-Term,9000,2024,63.3,FALSE,NA,NA
443557,CHOICE GRANITE AND MARBLE LLC,2024-03-27,F45170,03467H,419,Long-Term,9000,2024,0,FALSE,NA,NA
443570,CHOICE GRANITE AND MARBLE LLC,2024-03-27,F45168,04002H,412,Long-Term,9000,2024,19.9,FALSE,NA,NA
443572,CHOICE GRANITE AND MARBLE LLC,2024-03-27,F45171,03509H,445,Long-Term,9000,2024,14.1,FALSE,NA,NA
443247,DELAWARE RIVER BASIN STONE LLC,2024-03-26,F45130,01656H,469,Long-Term,9000,2024,75.3,FALSE,NA,NA
443551,DELAWARE RIVER BASIN STONE LLC,2024-03-26,F45128,01918H,477,Long-Term,9000,2024,112,FALSE,NA,NA
443545,DELAWARE RIVER BASIN STONE LLC,2024-03-26,F45129,01712H,472,Long-Term,9000,2024,28.7,FALSE,NA,NA
443589,BAJA DESIGN INC,2024-03-26,F45571,08913D,262,Medium-Term,9000,2024,155,FALSE,NA,NA
443588,BAJA DESIGN INC,2024-03-26,F45558,08567D,265,Medium-Term,9000,2024,140,FALSE,NA,NA
443587,BAJA DESIGN INC,2024-03-26,F45569,08010C,281,Medium-Term,9000,2024,62,FALSE,NA,NA
443413,BAJA DESIGN INC,2024-03-25,F45561,08044C,184,Medium-Term,9000,2024,124,FALSE,NA,NA
443412,BAJA DESIGN INC,2024-03-25,F45565,08576C,188,Medium-Term,9000,2024,35.7,FALSE,NA,NA
443308,BAJA DESIGN INC,2024-03-22,F45570,08558C,202,Medium-Term,9000,2024,575,FALSE,NA,NA
443306,BAJA DESIGN INC,2024-03-22,F45560,08037C,184,Medium-Term,9000,2024,32,FALSE,NA,NA
443307,BAJA DESIGN INC,2024-03-22,F45567,08545C,169,Medium-Term,9000,2024,49.8,FALSE,NA,NA
443309,BAJA DESIGN INC,2024-03-22,F45556,08133C,202,Medium-Term,9000,2024,29.7,FALSE,NA,NA
442943,ICM INTERESTS LLC,2024-03-21,F44927,00292H,465,Long-Term,9000,2024,18.1,FALSE,NA,NA
442956,ICM INTERESTS LLC,2024-03-21,F44928,03461H,456,Long-Term,9000,2024,62.4,FALSE,NA,NA
443005,JONES STONE AND MARBLE INC,2024-03-20,F44951,03506H,385,Long-Term,9000,2024,53.3,FALSE,NA,NA
442994,JONES STONE AND MARBLE INC,2024-03-20,F44948,03932H,457,Long-Term,9000,2024,12.6,FALSE,NA,NA
442998,JONES STONE AND MARBLE INC,2024-03-20,F44949,03997H,433,Long-Term,9000,2024,15,FALSE,NA,NA
442990,JONES STONE AND MARBLE INC,2024-03-20,F44950,03585H,402,Long-Term,9000,2024,14.7,FALSE,NA,NA
442829,SEASHORE MARBLE AND GRANITE,2024-03-15,F44960,09518C,416,Long-Term,9000,2024,44.5,FALSE,NA,NA
442826,SEASHORE MARBLE AND GRANITE,2024-03-15,F44959,09941D,421,Long-Term,9000,2024,71.7,FALSE,NA,NA
442318,LANG STONE COMPANY INC,2024-03-14,F44611,02162H,304,Medium-Term,9000,2024,19.4,FALSE,NA,NA
442986,GAYDOS MONUMENT COMPANY,2024-03-14,F44938,03503H,421,Long-Term,9000,2024,16.5,FALSE,NA,NA
442317,LANG STONE COMPANY INC,2024-03-14,F44614,02417H,407,Long-Term,9000,2024,16.5,FALSE,NA,NA
442319,LANG STONE COMPANY INC,2024-03-14,F44609,07471E,452,Long-Term,9000,2024,18.1,FALSE,NA,NA
442314,LANG STONE COMPANY INC,2024-03-14,F44610,02730H,442,Long-Term,9000,2024,18.7,FALSE,NA,NA
442275,GREVAN ARTISTIC VENTURES INC,2024-03-13,F44580,03336H,479,Long-Term,9000,2024,0,FALSE,NA,NA
442563,RIVEREDGE GRANITE CO INC,2024-03-12,F44662,00353H,223,Medium-Term,9000,2024,0,FALSE,NA,NA
442566,RIVEREDGE GRANITE CO INC,2024-03-12,F44663,00087H,244,Medium-Term,9000,2024,0,FALSE,NA,NA
442558,RIVEREDGE GRANITE CO INC,2024-03-12,F44661,00104H,229,Medium-Term,9000,2024,0,FALSE,NA,NA
441894,OPTIMUM GRANITE AND MARBLE INC,2024-03-08,F44739,03637H,322,Medium-Term,9000,2024,43.8,FALSE,NA,NA
441891,OPTIMUM GRANITE AND MARBLE INC,2024-03-08,F44740,03636H,430,Long-Term,9000,2024,43.8,FALSE,NA,NA
441590,SETIN STONE COUNTERTOPS,2024-03-05,F44156,03364H,450,Long-Term,9000,2024,27.6,FALSE,NA,NA
441208,FLORENZA MARBLE AND GRANITE CORPORATION,2024-02-29,F43886,03539H,453,Long-Term,9000,2024,218,FALSE,NA,NA
441207,FLORENZA MARBLE AND GRANITE CORPORATION,2024-02-29,F43885,03531H,458,Long-Term,9000,2024,338,FALSE,NA,NA
441210,FLORENZA MARBLE AND GRANITE CORPORATION,2024-02-29,F43888,03901H,458,Long-Term,9000,2024,284,FALSE,NA,NA
441221,ICM INTERESTS LLC,2024-02-29,F43977,03820H,313,Medium-Term,9000,2024,19.4,FALSE,NA,NA
441223,ICM INTERESTS LLC,2024-02-29,F43978,03735H,338,Medium-Term,9000,2024,26.8,FALSE,NA,NA
441209,FLORENZA MARBLE AND GRANITE CORPORATION,2024-02-29,F43887,03624H,452,Long-Term,9000,2024,196,FALSE,NA,NA
441076,ROCK FIN COUNTERTOPS INC,2024-02-28,F43996,08610D,447,Long-Term,9000,2024,22.8,FALSE,NA,NA
441071,ROCK FIN COUNTERTOPS INC,2024-02-28,F43995,09035D,436,Long-Term,9000,2024,30.5,FALSE,NA,NA
441069,ROCK FIN COUNTERTOPS INC,2024-02-28,F43994,08447D,415,Long-Term,9000,2024,33.7,FALSE,NA,NA
441079,ROCK FIN COUNTERTOPS INC,2024-02-28,F43997,01446E,418,Long-Term,9000,2024,4030,FALSE,NA,NA
440925,WEST U MARBLE COMPANY LLC,2024-02-27,F43856,00205H,160,Medium-Term,9000,2024,0,FALSE,NA,NA
440929,WEST U MARBLE COMPANY LLC,2024-02-27,F43857,00436H,147,Medium-Term,9000,2024,41.2,FALSE,NA,NA
440767,AJ MARBLE AND GRANITE INC,2024-02-26,F43852,03737H,33,Short-Term,9000,2024,0,FALSE,NA,NA
440773,APEL CONSTRUCTION SERVICES INC,2024-02-23,F43703,03209H,460,Long-Term,9000,2024,0,FALSE,NA,NA
440772,APEL CONSTRUCTION SERVICES INC,2024-02-23,F43702,01456H,259,Medium-Term,9000,2024,103,FALSE,NA,NA
440897,MARBLE AND GRANITE WORKS CORP,2024-02-23,F43963,02206H,45,Short-Term,9000,2024,142,FALSE,NA,NA
440771,APEL CONSTRUCTION SERVICES INC,2024-02-23,F43701,02621H,465,Long-Term,9000,2024,69.4,FALSE,NA,NA
440633,COLORADO CUSTOMS GRANITE AND MARBLE,2024-02-22,F43734,03242H,262,Medium-Term,9000,2024,0,FALSE,NA,NA
440727,SETIN STONE COUNTERTOPS,2024-02-22,F43769,03044H,426,Long-Term,9000,2024,0,FALSE,NA,NA
440628,COLORADO CUSTOMS GRANITE AND MARBLE,2024-02-22,F43732,03232H,444,Long-Term,9000,2024,13.4,FALSE,NA,NA
440633,COLORADO CUSTOMS GRANITE AND MARBLE,2024-02-22,F43733,03706H,165,Medium-Term,9000,2024,0,FALSE,NA,NA
440515,ASSOCIATED MARBLE CO INC,2024-02-21,F43508,03810H,131,Medium-Term,9000,2024,94,FALSE,NA,NA
440455,ISLAND STONE INC,2024-02-20,F43539,03753H,292,Medium-Term,9000,2024,193,FALSE,NA,NA
440453,ISLAND STONE INC,2024-02-20,F43537,08391D,412,Long-Term,9000,2024,99.5,FALSE,NA,NA
440455,ISLAND STONE INC,2024-02-20,F43538,01788H,152,Medium-Term,9000,2024,499,FALSE,NA,NA
440451,ISLAND STONE INC,2024-02-20,F43536,01945H,379,Long-Term,9000,2024,68.7,FALSE,NA,NA
440681,CUSTOM DESIGN MONUMENTS,2024-02-16,F43752,02798H,30,Task-Based,9000,2024,444,FALSE,NA,NA
440138,CLASSIC CAST STONE OF DALLAS INC,2024-02-15,F43430,02635H,416,Long-Term,9000,2024,0,FALSE,NA,NA
440139,CLASSIC CAST STONE OF DALLAS INC,2024-02-15,F43431,02866H,406,Long-Term,9000,2024,0,FALSE,NA,NA
440235,TUSCANY ENTERPRISES INC,2024-02-15,F43460,02603H,232,Medium-Term,9000,2024,0,FALSE,NA,NA
440235,TUSCANY ENTERPRISES INC,2024-02-15,F43461,02931H,205,Medium-Term,9000,2024,0,FALSE,NA,NA
440230,TUSCANY ENTERPRISES INC,2024-02-15,F43464,02850H,192,Medium-Term,9000,2024,47.2,FALSE,NA,NA
440230,TUSCANY ENTERPRISES INC,2024-02-15,F43465,03079H,198,Medium-Term,9000,2024,152,FALSE,NA,NA
440232,TUSCANY ENTERPRISES INC,2024-02-15,F43462,03142H,168,Medium-Term,9000,2024,84,FALSE,NA,NA
440232,TUSCANY ENTERPRISES INC,2024-02-15,F43463,02754H,180,Medium-Term,9000,2024,77.5,FALSE,NA,NA
440209,IDEAL TILE FABRICATIONS LLC,2024-02-15,F43484,08585C,411,Long-Term,9000,2024,17.2,FALSE,NA,NA
440208,IDEAL TILE FABRICATIONS LLC,2024-02-15,F43483,01137H,419,Long-Term,9000,2024,21.3,FALSE,NA,NA
440205,IDEAL TILE FABRICATIONS LLC,2024-02-15,F43482,02894H,416,Long-Term,9000,2024,0,FALSE,NA,NA
440207,IDEAL TILE FABRICATIONS LLC,2024-02-15,F43481,02765H,427,Long-Term,9000,2024,16.7,FALSE,NA,NA
440266,HILLTOP SLATE INC,2024-02-15,F43423,01035D,129,Medium-Term,9000,2024,54.7,FALSE,NA,NA
440266,HILLTOP SLATE INC,2024-02-15,F43422,00977D,200,Medium-Term,9000,2024,60.4,FALSE,NA,NA
440261,HILLTOP SLATE INC,2024-02-15,F43420,01231D,203,Medium-Term,9000,2024,89.1,FALSE,NA,NA
440261,HILLTOP SLATE INC,2024-02-15,F43421,01131D,130,Medium-Term,9000,2024,98.8,FALSE,NA,NA
440022,MODLICH STONEWORKS INC,2024-02-14,F43477,08660C,425,Long-Term,9000,2024,27.7,FALSE,NA,NA
440146,NORTHERN GRANITE CORPORATION,2024-02-14,F43451,02600H,311,Medium-Term,9000,2024,0,FALSE,NA,NA
440008,MODLICH STONEWORKS INC,2024-02-14,F43478,02416H,218,Medium-Term,9000,2024,260,FALSE,NA,NA
440008,MODLICH STONEWORKS INC,2024-02-14,F43479,02141H,206,Medium-Term,9000,2024,192,FALSE,NA,NA
440021,MODLICH STONEWORKS INC,2024-02-14,F43476,02156H,417,Long-Term,9000,2024,24,FALSE,NA,NA
441892,GRANITE SPECIALISTS OF ORLANDO LLC,2024-02-13,F44351,01053H,150,Medium-Term,9000,2024,0,FALSE,NA,NA
439625,LONNIES STONECRAFTERS INC,2024-02-09,F43469,04254C,391,Long-Term,9000,2024,15.5,FALSE,NA,NA
439627,LONNIES STONECRAFTERS INC,2024-02-09,F43470,00786H,347,Medium-Term,9000,2024,0,FALSE,NA,NA
439628,LONNIES STONECRAFTERS INC,2024-02-09,F43471,00284H,312,Medium-Term,9000,2024,0,FALSE,NA,NA
439753,101 COUNTERTOPS,2024-02-08,F43248,08263C,416,Long-Term,9000,2024,43.8,FALSE,NA,NA
439752,101 COUNTERTOPS,2024-02-08,F43247,09246C,405,Long-Term,9000,2024,21.8,FALSE,NA,NA
439654,CREATIVE STONE ACCESSORIES INC,2024-02-07,F43255,05226C,208,Medium-Term,9000,2024,0,FALSE,NA,NA
439650,CREATIVE STONE ACCESSORIES INC,2024-02-07,F43253,07695D,208,Medium-Term,9000,2024,45.2,FALSE,NA,NA
439654,CREATIVE STONE ACCESSORIES INC,2024-02-07,F43254,04031E,182,Medium-Term,9000,2024,0,FALSE,NA,NA
439640,SUPERIOR GRANITE INC,2024-02-07,F43079,08086C,459,Long-Term,9000,2024,15,FALSE,NA,NA
439650,CREATIVE STONE ACCESSORIES INC,2024-02-07,F43252,05128C,182,Medium-Term,9000,2024,37.2,FALSE,NA,NA
439642,SUPERIOR GRANITE INC,2024-02-07,F43080,08667E,452,Long-Term,9000,2024,41,FALSE,NA,NA
439477,PRESTIGE MARBLE AND GRANITE INC,2024-02-01,F43434,02949H,265,Medium-Term,9000,2024,1300,FALSE,NA,NA
439479,PRESTIGE MARBLE AND GRANITE INC,2024-02-01,F43435,00932H,275,Medium-Term,9000,2024,68,FALSE,NA,NA
439478,PRESTIGE MARBLE AND GRANITE INC,2024-02-01,F43433,02852H,280,Medium-Term,9000,2024,84.5,FALSE,NA,NA
438378,ARJ DIVERSIFIED,2024-01-25,F42720,00019H,67,Short-Term,9000,2024,114,FALSE,NA,NA
440296,MAIN STREET MARBLE AND GRANITE DISTRIBUTORS INC,2024-01-25,F43438,01628D,330,Medium-Term,9000,2024,0,FALSE,NA,NA
440295,MAIN STREET MARBLE AND GRANITE DISTRIBUTORS INC,2024-01-25,F43437,01858D,330,Medium-Term,9000,2024,23,FALSE,NA,NA
438378,ARJ DIVERSIFIED,2024-01-25,F42719,00173H,248,Medium-Term,9000,2024,80.6,FALSE,NA,NA
438378,ARJ DIVERSIFIED,2024-01-25,F42718,00587H,232,Medium-Term,9000,2024,65.9,FALSE,NA,NA
438390,ARJ DIVERSIFIED,2024-01-25,F42723,00280H,67,Short-Term,9000,2024,106,FALSE,NA,NA
438390,ARJ DIVERSIFIED,2024-01-25,F42721,00198H,232,Medium-Term,9000,2024,73.5,FALSE,NA,NA
438390,ARJ DIVERSIFIED,2024-01-25,F42722,00174H,248,Medium-Term,9000,2024,85.4,FALSE,NA,NA
438137,AMF BROTHERS,2024-01-23,F42580,04235C,361,Long-Term,9000,2024,45.6,FALSE,NA,NA
438136,AMF BROTHERS,2024-01-23,F42581,00026H,361,Long-Term,9000,2024,23,FALSE,NA,NA
438109,AJ MARBLE AND GRANITE INC,2024-01-23,F42522,03450H,81,Short-Term,9000,2024,0,FALSE,NA,NA
438140,T C STONE ENTERPRISE CO,2024-01-22,F42798,00055H,146,Medium-Term,9000,2024,0,FALSE,NA,NA
438135,MATTHEW INTERNATIONAL,2024-01-18,F42575,03088H,179,Medium-Term,9000,2024,0,FALSE,NA,NA
438138,MATTHEW INTERNATIONAL,2024-01-18,F42578,03143H,180,Medium-Term,9000,2024,0,FALSE,NA,NA
437851,NTP MARBLE INC,2024-01-18,F42423,01000H,446,Long-Term,9000,2024,63.3,FALSE,NA,NA
437852,NTP MARBLE INC,2024-01-18,F42424,02959H,443,Long-Term,9000,2024,16.1,FALSE,NA,NA
437849,NTP MARBLE INC,2024-01-18,F42422,02812H,467,Long-Term,9000,2024,17.6,FALSE,NA,NA
438127,MATTHEW INTERNATIONAL,2024-01-18,F42572,03076H,190,Medium-Term,9000,2024,47.6,FALSE,NA,NA
438138,MATTHEW INTERNATIONAL,2024-01-18,F42577,00340H,207,Medium-Term,9000,2024,0,FALSE,NA,NA
438127,MATTHEW INTERNATIONAL,2024-01-18,F42571,00342H,210,Medium-Term,9000,2024,0,FALSE,NA,NA
438133,MATTHEW INTERNATIONAL,2024-01-18,F42574,00352H,200,Medium-Term,9000,2024,0,FALSE,NA,NA
438133,MATTHEW INTERNATIONAL,2024-01-18,F42573,00689H,139,Medium-Term,9000,2024,0,FALSE,NA,NA
438135,MATTHEW INTERNATIONAL,2024-01-18,F42576,02673H,241,Medium-Term,9000,2024,72.8,FALSE,NA,NA
437797,EASTERN STONE FABRICATORS,2024-01-17,F42499,02348H,330,Medium-Term,9000,2024,23.1,FALSE,NA,NA
437778,LUKEN MEMORIALS INC,2024-01-16,F42391,00380H,99,Short-Term,9000,2024,0,FALSE,NA,NA
437795,ALISE MARBLE AND GRANITE CORPORATION,2024-01-16,F42502,02057H,210,Medium-Term,9000,2024,0,FALSE,NA,NA
437773,29TH STREET STONE INC,2024-01-12,F42419,02211H,346,Medium-Term,9000,2024,104,FALSE,NA,NA
437776,29TH STREET STONE INC,2024-01-12,F42420,02498H,129,Medium-Term,9000,2024,50.2,FALSE,NA,NA
437575,KB SURFACES LLC,2024-01-12,F42331,06398E,353,Medium-Term,9000,2024,0,FALSE,NA,NA
437572,KB SURFACES LLC,2024-01-12,F42332,05492D,395,Long-Term,9000,2024,0,FALSE,NA,NA
437559,KB SURFACES LLC,2024-01-12,F42328,05516D,419,Long-Term,9000,2024,14,FALSE,NA,NA
437571,KB SURFACES LLC,2024-01-12,F42329,00190E,412,Long-Term,9000,2024,13.9,FALSE,NA,NA
437574,KB SURFACES LLC,2024-01-12,F42330,00025E,392,Long-Term,9000,2024,14.7,FALSE,NA,NA
437165,AFFORDABLE GRANITE AND MARBLE LLC,2024-01-11,F42055,02760H,353,Medium-Term,9000,2024,18.2,FALSE,NA,NA
437166,AFFORDABLE GRANITE AND MARBLE LLC,2024-01-11,F42057,02716H,506,Long-Term,9000,2024,12,FALSE,NA,NA
437166,AFFORDABLE GRANITE AND MARBLE LLC,2024-01-11,F42056,09170C,69,Short-Term,9000,2024,151,FALSE,NA,NA
437168,AFFORDABLE GRANITE AND MARBLE LLC,2024-01-11,F42058,03150H,410,Long-Term,9000,2024,13.8,FALSE,NA,NA
437274,BCG MARBLE AND GRANITE FABRICATORS INC,2024-01-10,F42100,02083H,45,Short-Term,9000,2024,0,FALSE,NA,NA
437356,ADP SURFACES INC,2024-01-10,F42249,01510H,379,Long-Term,9000,2024,0,FALSE,NA,NA
437351,ADP SURFACES INC,2024-01-10,F42248,01092H,359,Medium-Term,9000,2024,31.1,FALSE,NA,NA
437346,ADP SURFACES INC,2024-01-10,F42247,01329H,401,Long-Term,9000,2024,0,FALSE,NA,NA
437362,ADP SURFACES INC,2024-01-10,F42250,01337H,383,Long-Term,9000,2024,15.7,FALSE,NA,NA
437184,ROMA TILE CO INC,2024-01-09,F42366,01372H,452,Long-Term,9000,2024,24.7,FALSE,NA,NA
437183,ROMA TILE CO INC,2024-01-09,F42367,01355H,468,Long-Term,9000,2024,41.6,FALSE,NA,NA
437185,ROMA TILE CO INC,2024-01-09,F42365,01907H,450,Long-Term,9000,2024,34.7,FALSE,NA,NA
437008,BEDROCK GRANITE INC,2024-01-04,F42095,01131H,409,Long-Term,9000,2024,89.7,FALSE,NA,NA
436962,STONE AND TILE TEC INC,2024-01-04,F42104,02335H,478,Long-Term,9000,2024,32.5,FALSE,NA,NA
436963,STONE AND TILE TEC INC,2024-01-04,F42103,01919H,480,Long-Term,9000,2024,38.3,FALSE,NA,NA
437006,BEDROCK GRANITE INC,2024-01-04,F42093,01125H,408,Long-Term,9000,2024,80.7,FALSE,NA,NA
437169,AFFORDABLE GRANITE AND MARBLE LLC,2024-01-04,F42059,02871H,313,Medium-Term,9000,2024,19,FALSE,NA,NA
437007,BEDROCK GRANITE INC,2024-01-04,F42094,01076H,415,Long-Term,9000,2024,90.7,FALSE,NA,NA
436837,SUPERSTONE GLOBAL INC,2023-12-27,F41952,02218H,351,Medium-Term,9000,2023,390,FALSE,NA,NA
436846,SUPERSTONE GLOBAL INC,2023-12-27,F41953,02237H,73,Short-Term,9000,2023,94.3,FALSE,NA,NA
436663,MARBLE AMERICA CORP,2023-12-20,F41639,02204H,163,Medium-Term,9000,2023,0,FALSE,NA,NA
436662,MARBLE AMERICA CORP,2023-12-20,F41638,02192H,300,Medium-Term,9000,2023,314,FALSE,NA,NA
436628,DISCOVER QUARTZ AND GRANITE LLC,2023-12-19,F41623,01029H,411,Long-Term,9000,2023,0,FALSE,NA,NA
436630,DISCOVER QUARTZ AND GRANITE LLC,2023-12-19,F41624,00978H,415,Long-Term,9000,2023,73.7,FALSE,NA,NA
436631,DISCOVER QUARTZ AND GRANITE LLC,2023-12-19,F41625,01051H,404,Long-Term,9000,2023,34.9,FALSE,NA,NA
437794,ALISE MARBLE AND GRANITE CORPORATION,2023-12-16,F42501,02058H,210,Medium-Term,9000,2023,61.2,FALSE,NA,NA
436202,DIAMOND A CUTSTONE LLC,2023-12-14,F41508,01253H,462,Long-Term,9000,2023,22,FALSE,NA,NA
436203,DIAMOND A CUTSTONE LLC,2023-12-14,F41509,01476H,439,Long-Term,9000,2023,24.1,FALSE,NA,NA
436205,DIAMOND A CUTSTONE LLC,2023-12-14,F41510,01448H,408,Long-Term,9000,2023,33.9,FALSE,NA,NA
436206,DIAMOND A CUTSTONE LLC,2023-12-14,F41511,01447H,411,Long-Term,9000,2023,27.2,FALSE,NA,NA
436189,DTK STONE WORKS INC,2023-12-14,F41440,03026H,480,Long-Term,9000,2023,12.9,FALSE,NA,NA
436200,DTK STONE WORKS INC,2023-12-14,F41441,01662H,437,Long-Term,9000,2023,13.9,FALSE,NA,NA
436199,DTK STONE WORKS INC,2023-12-14,F41439,01393H,476,Long-Term,9000,2023,12.6,FALSE,NA,NA
435950,ST CROIX GRANITE AND QUARTZ LLC,2023-12-12,F41436,02723H,316,Medium-Term,9000,2023,32.7,FALSE,NA,NA
435934,ST CROIX GRANITE AND QUARTZ LLC,2023-12-12,F41434,02865H,353,Medium-Term,9000,2023,166,FALSE,NA,NA
435841,ROBINSON FLAGSTONES,2023-12-12,F41387,01507H,406,Long-Term,9000,2023,0,FALSE,NA,NA
435758,DESANCTIS DEVELOPMENT CORPORATION,2023-12-12,F41458,09851D,241,Medium-Term,9000,2023,36.9,FALSE,NA,NA
435756,DESANCTIS DEVELOPMENT CORPORATION,2023-12-12,F41457,09358D,194,Medium-Term,9000,2023,52.2,FALSE,NA,NA
435756,DESANCTIS DEVELOPMENT CORPORATION,2023-12-12,F41456,09828D,254,Medium-Term,9000,2023,50.9,FALSE,NA,NA
435758,DESANCTIS DEVELOPMENT CORPORATION,2023-12-12,F41459,09861D,189,Medium-Term,9000,2023,33,FALSE,NA,NA
435954,ST CROIX GRANITE AND QUARTZ LLC,2023-12-12,F41435,03018H,386,Long-Term,9000,2023,31,FALSE,NA,NA
435562,ARCHITECTURAL GRANITE INC,2023-12-07,F41208,01594H,313,Medium-Term,9000,2023,0,FALSE,NA,NA
435546,ARCHITECTURAL GRANITE INC,2023-12-07,F41209,01398H,256,Medium-Term,9000,2023,0,FALSE,NA,NA
435564,MARBLE ONYX GRANITE AND TERRAZZO CORP,2023-12-05,F41356,02320H,339,Medium-Term,9000,2023,0,FALSE,NA,NA
435537,IMPERIAL GRANITE AND MARBLE INC,2023-12-01,F41167,03187H,230,Medium-Term,9000,2023,25.1,FALSE,NA,NA
435527,IMPERIAL GRANITE AND MARBLE INC,2023-12-01,F41166,02897H,320,Medium-Term,9000,2023,23,FALSE,NA,NA
435162,GRANITE GALLERIA FABRICATION INC,2023-11-30,F41017,01031H,177,Medium-Term,9000,2023,0,FALSE,NA,NA
435200,ALCO PRODUCTS INC,2023-11-30,F41044,02853H,353,Medium-Term,9000,2023,0,FALSE,NA,NA
435200,ALCO PRODUCTS INC,2023-11-30,F41045,02864H,12,Task-Based,9000,2023,0,FALSE,NA,NA
435200,ALCO PRODUCTS INC,2023-11-30,F41046,02899H,39,Short-Term,9000,2023,0,FALSE,NA,NA
435198,ALCO PRODUCTS INC,2023-11-30,F41043,02992H,392,Long-Term,9000,2023,0,FALSE,NA,NA
435056,BCG MARBLE AND GRANITE,2023-11-30,F41150,02873H,409,Long-Term,9000,2023,43,FALSE,NA,NA
435201,ALCO PRODUCTS INC,2023-11-30,F41047,02903H,428,Long-Term,9000,2023,0,FALSE,NA,NA
435052,BCG MARBLE AND GRANITE,2023-11-30,F41149,02895H,418,Long-Term,9000,2023,39.8,FALSE,NA,NA
435050,BCG MARBLE AND GRANITE,2023-11-30,F41148,02900H,376,Long-Term,9000,2023,31.1,FALSE,NA,NA
435197,ALCO PRODUCTS INC,2023-11-30,F41042,02587H,365,Long-Term,9000,2023,18.3,FALSE,NA,NA
435108,KYLE NELSON CUSTOMS LLC,2023-11-29,F30993,01850H,400,Long-Term,9000,2023,0,FALSE,NA,NA
435118,SUMMIT BRICK AND TILE COMPANY LAKEWOOD PLANT,2023-11-29,F41014,09545C,224,Medium-Term,9000,2023,399,FALSE,NA,NA
435118,SUMMIT BRICK AND TILE COMPANY LAKEWOOD PLANT,2023-11-29,F41015,09212C,140,Medium-Term,9000,2023,492,FALSE,NA,NA
435115,SUMMIT BRICK AND TILE COMPANY LAKEWOOD PLANT,2023-11-29,F41012,09688C,198,Medium-Term,9000,2023,517,FALSE,NA,NA
435115,SUMMIT BRICK AND TILE COMPANY LAKEWOOD PLANT,2023-11-29,F41013,09359C,140,Medium-Term,9000,2023,549,FALSE,NA,NA
435109,SUMMIT BRICK AND TILE COMPANY LAKEWOOD PLANT,2023-11-29,F41010,09213C,211,Medium-Term,9000,2023,365,FALSE,NA,NA
435109,SUMMIT BRICK AND TILE COMPANY LAKEWOOD PLANT,2023-11-29,F41011,09531C,145,Medium-Term,9000,2023,625,FALSE,NA,NA
434939,ALL GRANITE AND MARBLE CORP,2023-11-29,F30948,02016H,412,Long-Term,9000,2023,14.8,FALSE,NA,NA
434934,ALL GRANITE AND MARBLE CORP,2023-11-29,F30949,01720H,293,Medium-Term,9000,2023,26,FALSE,NA,NA
435107,KYLE NELSON CUSTOMS LLC,2023-11-29,F30992,01658H,171,Medium-Term,9000,2023,0,FALSE,NA,NA
435570,D G PATERSON AND SONS INC,2023-11-27,F41152,03191H,119,Short-Term,9000,2023,111,FALSE,NA,NA
435575,D G PATERSON AND SONS INC,2023-11-27,F41153,02917H,437,Long-Term,9000,2023,52.5,FALSE,NA,NA
434735,GRANITE CENTERS INC,2023-11-22,F30824,Z8344,319,Medium-Term,9000,2023,29.3,FALSE,NA,NA
434761,KITCHENNBATH DEPO,2023-11-21,F30970,07593E,416,Long-Term,9000,2023,39.3,FALSE,NA,NA
434733,GRANITE CENTERS INC,2023-11-21,F30823,05063D,316,Medium-Term,9000,2023,1210,FALSE,NA,NA
434762,KITCHENNBATH DEPO,2023-11-21,F30969,07099E,427,Long-Term,9000,2023,21.4,FALSE,NA,NA
434763,KITCHENNBATH DEPO,2023-11-21,F30968,07521E,382,Long-Term,9000,2023,29.3,FALSE,NA,NA
434392,WILD ENGLISH STONEWORKS LLC,2023-11-16,F30739,02114H,96,Short-Term,9000,2023,0,FALSE,NA,NA
434380,TRADITIONAL MARBLE AND GRANITE LTD,2023-11-16,F30755,01621H,324,Medium-Term,9000,2023,0,FALSE,NA,NA
434379,TRADITIONAL MARBLE AND GRANITE LTD,2023-11-16,F30754,01725H,251,Medium-Term,9000,2023,0,FALSE,NA,NA
434418,WILD ENGLISH STONEWORKS LLC,2023-11-16,F30740,Z6410,109,Short-Term,9000,2023,0,FALSE,NA,NA
434377,BALCONI MONUMENTS INC,2023-11-15,F30760,08898C,435,Long-Term,9000,2023,16.5,FALSE,NA,NA
434375,BALCONI MONUMENTS INC,2023-11-15,F30758,08043C,440,Long-Term,9000,2023,14.3,FALSE,NA,NA
434376,BALCONI MONUMENTS INC,2023-11-15,F30759,08452C,440,Long-Term,9000,2023,15.4,FALSE,NA,NA
434308,KENTS STONE PRODUCTS AND DESIGN LLC,2023-11-15,F30820,09967D,436,Long-Term,9000,2023,14.1,FALSE,NA,NA
433866,FLORIDA CUSTOM MARBLE INC,2023-11-09,F30475,01680H,251,Medium-Term,9000,2023,23.4,FALSE,NA,NA
433864,FLORIDA CUSTOM MARBLE INC,2023-11-09,F30474,01437H,227,Medium-Term,9000,2023,27.7,FALSE,NA,NA
433870,ROMSTONE FABRICATION INC,2023-11-08,F30620,09397E,355,Medium-Term,9000,2023,169,FALSE,NA,NA
433869,ROMSTONE FABRICATION INC,2023-11-08,F30619,08875E,340,Medium-Term,9000,2023,24.7,FALSE,NA,NA
433687,CARMEUSE AMERICA,2023-11-07,F30361,08148C,453,Long-Term,9000,2023,13.1,FALSE,NA,NA
433683,CARMEUSE AMERICA,2023-11-07,F30360,02397D,450,Long-Term,9000,2023,0,FALSE,NA,NA
433425,ART STONEGRANITE AND MARBLE INC,2023-11-02,F30459,00976H,386,Long-Term,9000,2023,54.9,FALSE,NA,NA
433424,ART STONEGRANITE AND MARBLE INC,2023-11-02,F30458,01007H,394,Long-Term,9000,2023,44.7,FALSE,NA,NA
433426,ART STONEGRANITE AND MARBLE INC,2023-11-02,F30460,00971H,383,Long-Term,9000,2023,65.6,FALSE,NA,NA
433379,OZARK MOUNTAIN GRANITE AND TILE CO,2023-11-02,F30195,01581D,166,Medium-Term,9000,2023,214,FALSE,NA,NA
433269,W C CANNIFF AND SONS INC,2023-11-01,F30067,07870E,411,Long-Term,9000,2023,0,FALSE,NA,NA
433303,WC CANNIFF AND SONS INC,2023-11-01,F30068,02203E,70,Short-Term,9000,2023,101,FALSE,NA,NA
433482,ABSOLUTE GRANITE PCB LLC,2023-10-31,F30226,00417H,441,Long-Term,9000,2023,80.5,FALSE,NA,NA
433469,ABSOLUTE GRANITE PCB LLC,2023-10-31,F30225,00449H,449,Long-Term,9000,2023,0,FALSE,NA,NA
432950,PRESTIGE MARBLE AND GRANITE INC,2023-10-27,F29967,01313H,225,Medium-Term,9000,2023,47.6,FALSE,NA,NA
432985,CL GRANITE AND MARBLE LLC,2023-10-27,F30230,04141D,480,Long-Term,9000,2023,134,FALSE,NA,NA
432984,CL GRANITE AND MARBLE LLC,2023-10-27,F30229,03905D,483,Long-Term,9000,2023,5093,FALSE,NA,NA
432978,CL GRANITE AND MARBLE LLC,2023-10-27,F30228,04218D,471,Long-Term,9000,2023,161,FALSE,NA,NA
432986,CL GRANITE AND MARBLE LLC,2023-10-27,F30231,02025D,476,Long-Term,9000,2023,116,FALSE,NA,NA
432814,ARTISTIC MARBLE AND GRANITE,2023-10-26,F29912,00706H,169,Medium-Term,9000,2023,0,FALSE,NA,NA
432819,ARTISTIC MARBLE AND GRANITE,2023-10-26,F29915,00731H,154,Medium-Term,9000,2023,0,FALSE,NA,NA
432819,ARTISTIC MARBLE AND GRANITE,2023-10-26,F29914,00812H,195,Medium-Term,9000,2023,30.6,FALSE,NA,NA
432811,ARTISTIC MARBLE AND GRANITE,2023-10-26,F29910,00738H,190,Medium-Term,9000,2023,46,FALSE,NA,NA
432811,ARTISTIC MARBLE AND GRANITE,2023-10-26,F29911,00820H,216,Medium-Term,9000,2023,60.1,FALSE,NA,NA
432814,ARTISTIC MARBLE AND GRANITE,2023-10-26,F29913,00839H,244,Medium-Term,9000,2023,0,FALSE,NA,NA
432820,ARTISTIC MARBLE AND GRANITE,2023-10-26,F29917,09986C,194,Medium-Term,9000,2023,62.6,FALSE,NA,NA
432820,ARTISTIC MARBLE AND GRANITE,2023-10-26,F29918,00833H,160,Medium-Term,9000,2023,69.3,FALSE,NA,NA
432948,PRESTIGE MARBLE AND GRANITE INC,2023-10-26,F29968,01278H,205,Medium-Term,9000,2023,52.5,FALSE,NA,NA
433199,GRANITE N MARBLE CBUS LLC,2023-10-25,F30139,07470E,428,Long-Term,9000,2023,270,FALSE,NA,NA
433197,GRANITE N MARBLE CBUS LLC,2023-10-25,F30138,07622E,349,Medium-Term,9000,2023,197,FALSE,NA,NA
433203,GRANITE N MARBLE CBUS LLC,2023-10-25,F30140,07625E,420,Long-Term,9000,2023,508,FALSE,NA,NA
433196,GRANITE N MARBLE CBUS LLC,2023-10-25,F30137,07487E,435,Long-Term,9000,2023,320,FALSE,NA,NA
432506,AG STONE OF JACKSONVILLE INC,2023-10-23,F29997,01452H,190,Medium-Term,9000,2023,0,FALSE,NA,NA
432175,ART STONES DESIGN CORP,2023-10-17,F29529,01702H,327,Medium-Term,9000,2023,0,FALSE,NA,NA
432172,ART STONES DESIGN CORP,2023-10-17,F29528,01622H,348,Medium-Term,9000,2023,0,FALSE,NA,NA
431642,BELMARMI LLC,2023-10-05,F29347,01464H,90,Short-Term,9000,2023,0,FALSE,NA,NA
431641,BELMARMI LLC,2023-10-05,F29342,01259H,90,Short-Term,9000,2023,0,FALSE,NA,NA
431643,BELMARMI LLC,2023-10-05,F29344,01066H,240,Medium-Term,9000,2023,0,FALSE,NA,NA
431641,BELMARMI LLC,2023-10-05,F29343,01129H,240,Medium-Term,9000,2023,0,FALSE,NA,NA
431699,SAMBOR STONE LTD,2023-10-05,F29524,09475D,436,Long-Term,9000,2023,60.8,FALSE,NA,NA
431704,SAMBOR STONE LTD,2023-10-05,F29525,01534D,426,Long-Term,9000,2023,23.3,FALSE,NA,NA
431706,SAMBOR STONE LTD,2023-10-05,F29526,09790E,434,Long-Term,9000,2023,47.6,FALSE,NA,NA
431634,BELMARMI LLC,2023-10-05,F29340,01244H,150,Medium-Term,9000,2023,0,FALSE,NA,NA
431634,BELMARMI LLC,2023-10-05,F29341,01308H,120,Short-Term,9000,2023,0,FALSE,NA,NA
431642,BELMARMI LLC,2023-10-05,F29346,01453H,210,Medium-Term,9000,2023,30.3,FALSE,NA,NA
428148,MEES DISTRIBUTORS INC,2023-08-14,F28131,02341D,471,Long-Term,9000,2023,400,FALSE,NA,NA
428149,MEES DISTRIBUTORS INC,2023-08-14,F28132,02262D,469,Long-Term,9000,2023,0,FALSE,NA,NA
426711,GQM STONE SOLUTIONS INC,2023-07-19,F27554,06982E,458,Long-Term,9000,2023,262,FALSE,NA,NA
426713,GQM STONE SOLUTIONS INC,2023-07-19,F27553,04465D,467,Long-Term,9000,2023,210,FALSE,NA,NA
427191,STONE MOUNTAIN MANUFACTURING LLC,2023-07-14,F27691,08331D,336,Medium-Term,9000,2023,0,FALSE,NA,NA
427189,STONE MOUNTAIN MANUFACTURING LLC,2023-07-14,F27690,08353D,340,Medium-Term,9000,2023,17,FALSE,NA,NA
427187,STONE MOUNTAIN MANUFACTURING LLC,2023-07-14,F27689,08342D,342,Medium-Term,9000,2023,0,FALSE,NA,NA
425702,STONE CRAFT MASTERS LLC,2023-07-11,F27103,08935D,318,Medium-Term,9000,2023,0,FALSE,NA,NA
425698,STONE CRAFT MASTERS LLC,2023-07-11,F27104,08921D,335,Medium-Term,9000,2023,0,FALSE,NA,NA
425406,STONE CRAFT MASTERS LLC,2023-07-06,F27009,02255H,13,Task-Based,9000,2023,0,FALSE,NA,NA
425407,STONE CRAFT MASTERS LLC,2023-07-06,F27010,02045H,10,Task-Based,9000,2023,0,FALSE,NA,NA
424562,HARD ROCK STONE AND TILE LLC,2023-06-21,F26651,00217H,351,Medium-Term,9000,2023,95.4,FALSE,NA,NA
424559,HARD ROCK STONE AND TILE LLC,2023-06-21,F26650,00451H,435,Long-Term,9000,2023,0,FALSE,NA,NA
424565,HARD ROCK STONE AND TILE LLC,2023-06-21,F26652,00413H,386,Long-Term,9000,2023,26.3,FALSE,NA,NA
424092,NEIL TILE AND FABRICATION INC,2023-06-14,F26363,02175D,107,Short-Term,9000,2023,0,FALSE,NA,NA
424091,NEIL TILE AND FABRICATION INC,2023-06-14,F26362,02274D,125,Medium-Term,9000,2023,0,FALSE,NA,NA
423917,DIMENSIONS CENTRAL MARBLE INC,2023-06-09,F26271,09819C,416,Long-Term,9000,2023,19.8,FALSE,NA,NA
423918,DIMENSIONS CENTRAL MARBLE INC,2023-06-09,F26272,09966E,410,Long-Term,9000,2023,0,FALSE,NA,NA
423919,DIMENSIONS CENTRAL MARBLE INC,2023-06-09,F26273,04926D,403,Long-Term,9000,2023,18.7,FALSE,NA,NA
423656,MARIO OLIVEIRA ENTERPRISES INC,2023-06-07,F26951,00305H,71,Short-Term,9000,2023,96.9,FALSE,NA,NA
423656,MARIO OLIVEIRA ENTERPRISES INC,2023-06-07,F26952,09997C,187,Medium-Term,9000,2023,101,FALSE,NA,NA
423655,MARIO OLIVEIRA ENTERPRISES INC,2023-06-07,F26949,09857C,187,Medium-Term,9000,2023,40.9,FALSE,NA,NA
423655,MARIO OLIVEIRA ENTERPRISES INC,2023-06-07,F26948,09942C,75,Short-Term,9000,2023,0,FALSE,NA,NA
423311,ALMEIDA MARBLE AND GRANITE LLC,2023-06-01,F26000,02298E,459,Long-Term,9000,2023,0,FALSE,NA,NA
423320,ALMEIDA MARBLE AND GRANITE LLC,2023-06-01,F26001,09965C,457,Long-Term,9000,2023,0,FALSE,NA,NA
423370,AMERICAN VETERAN CONTRACTING SOLUTIONS,2023-05-31,F26106,07056E,245,Medium-Term,9000,2023,25,FALSE,NA,NA
423370,AMERICAN VETERAN CONTRACTING SOLUTIONS,2023-05-31,F26105,07244E,191,Medium-Term,9000,2023,38.3,FALSE,NA,NA
423365,AMERICAN VETERAN CONTRACTING SOLUTIONS,2023-05-31,F26102,07247E,230,Medium-Term,9000,2023,63.1,FALSE,NA,NA
423369,AMERICAN VETERAN CONTRACTING SOLUTIONS,2023-05-31,F26104,00555C,194,Medium-Term,9000,2023,32.9,FALSE,NA,NA
423369,AMERICAN VETERAN CONTRACTING SOLUTIONS LLC,2023-05-31,F26103,07238E,240,Medium-Term,9000,2023,27.3,FALSE,NA,NA
422844,AMC OF WISCONSIN,2023-05-25,F25693,09561C,133,Medium-Term,9000,2023,0,FALSE,NA,NA
422854,AMC OF WISCONSIN,2023-05-25,F25700,09195C,198,Medium-Term,9000,2023,0,FALSE,NA,NA
422853,AMC OF WISCONSIN,2023-05-25,F25699,09397C,183,Medium-Term,9000,2023,0,FALSE,NA,NA
422852,AMC OF WISCONSIN,2023-05-25,F25697,09574C,184,Medium-Term,9000,2023,0,FALSE,NA,NA
422851,AMC OF WISCONSIN,2023-05-25,F25696,09379C,204,Medium-Term,9000,2023,0,FALSE,NA,NA
422846,AMC OF WISCONSIN,2023-05-25,F25695,09199C,195,Medium-Term,9000,2023,0,FALSE,NA,NA
422845,AMC OF WISCONSIN,2023-05-25,F25694,09196C,174,Medium-Term,9000,2023,0,FALSE,NA,NA
422842,AMC OF WISCONSIN,2023-05-25,F25692,09373C,212,Medium-Term,9000,2023,0,FALSE,NA,NA
422680,AMAZING GRANITE LLC,2023-05-24,F25803,09245C,246,Medium-Term,9000,2023,30.9,FALSE,NA,NA
422680,AMAZING GRANITE LLC,2023-05-24,F25804,09526C,234,Medium-Term,9000,2023,32.5,FALSE,NA,NA
419336,MMW INDUSTRIES LLC,2023-04-12,F24184,09179C,245,Medium-Term,9000,2023,0,FALSE,NA,NA
419336,MMW INDUSTRIES LLC,2023-04-12,F24185,09315C,107,Short-Term,9000,2023,0,FALSE,NA,NA
419270,MMW INDUSTRIES LLC,2023-04-12,F24186,06998E,147,Medium-Term,9000,2023,0,FALSE,NA,NA
418102,NORTHERN GRANITE AND MARBLE LLC,2023-03-28,F23733,08460C,246,Medium-Term,9000,2023,165,FALSE,NA,NA
418094,NORTHERN GRANITE AND MARBLE LLC,2023-03-28,F23732,08705C,313,Medium-Term,9000,2023,216,FALSE,NA,NA
417760,L AND D STONEWORKS INC,2023-03-23,F23422,08243C,141,Medium-Term,9000,2023,43.2,FALSE,NA,NA
417760,L AND D STONEWORKS INC,2023-03-23,F23421,08281C,284,Medium-Term,9000,2023,52.3,FALSE,NA,NA
417759,L AND D STONEWORKS INC,2023-03-23,F23420,08507C,141,Medium-Term,9000,2023,0,FALSE,NA,NA
417759,L AND D STONEWORKS INC,2023-03-23,F23419,08874C,289,Medium-Term,9000,2023,27.9,FALSE,NA,NA
416548,SAUL ESCOBAR,2023-03-07,F22820,09304C,479,Long-Term,9000,2023,58.4,FALSE,NA,NA
416546,SAUL ESCOBAR,2023-03-07,F22819,08666D,472,Long-Term,9000,2023,4066,FALSE,NA,NA
416547,SAUL ESCOBAR,2023-03-07,F22818,08675D,479,Long-Term,9000,2023,3639,FALSE,NA,NA
416720,COLORADO BETTER KITCHENS CORP,2023-03-03,F22905,08528C,292,Medium-Term,9000,2023,0,FALSE,NA,NA
416719,COLORADO BETTER KITCHENS CORP,2023-03-03,F22904,08574C,298,Medium-Term,9000,2023,226,FALSE,NA,NA
416710,COLORADO BETTER KITCHENS CORP,2023-03-03,F22903,08038C,291,Medium-Term,9000,2023,156,FALSE,NA,NA
416221,PINNACLE MARBLE AND GRANITE INC,2023-02-28,F22523,08937D,474,Long-Term,9000,2023,669,FALSE,NA,NA
416222,PINNACLE MARBLE AND GRANITE INC,2023-02-28,F22522,08793D,479,Long-Term,9000,2023,1353,FALSE,NA,NA
416219,PINNACLE MARBLE AND GRANITE INC,2023-02-23,F22519,09259C,462,Long-Term,9000,2023,766,FALSE,NA,NA
416212,PINNACLE MARBLE AND GRANITE INC,2023-02-23,F22518,09358C,467,Long-Term,9000,2023,1451,FALSE,NA,NA
416220,PINNACLE MARBLE AND GRANITE INC,2023-02-23,F22520,09432C,461,Long-Term,9000,2023,583,FALSE,NA,NA
409216,ENTERPRISE FLOORING SERVICE INC,2022-10-27,F19454,02124H,298,Medium-Term,9000,2022,29.6,FALSE,NA,NA
409215,ENTERPRISE FLOORING SERVICE INC,2022-10-27,F19453,02457H,417,Long-Term,9000,2022,14.1,FALSE,NA,NA
408824,IDEAS GRANITE DESIGNS LLC,2022-10-19,F19200,08388D,157,Medium-Term,9000,2022,0,FALSE,NA,NA
408823,IDEAS GRANITE DESIGNS LLC,2022-10-19,F19199,09123D,155,Medium-Term,9000,2022,0,FALSE,NA,NA
408240,LONGSTRETH INC,2022-10-13,F19057,07527E,355,Medium-Term,9000,2022,0,FALSE,NA,NA
408241,LONGSTRETH INC,2022-10-13,F19058,07363E,353,Medium-Term,9000,2022,20.2,FALSE,NA,NA
407694,LBL OZB LLC,2022-10-04,F18908,00437E,413,Long-Term,9000,2022,19.3,FALSE,NA,NA
407693,LBL OZB LLC,2022-10-04,F18906,00709E,394,Long-Term,9000,2022,25.2,FALSE,NA,NA
407692,LBL OZB LLC,2022-10-04,F18905,00831E,395,Long-Term,9000,2022,15,FALSE,NA,NA
407696,LBL OZB LLC,2022-10-04,F18907,00647E,418,Long-Term,9000,2022,21,FALSE,NA,NA
404776,BECKER WORKS LTD,2022-08-12,F17731,01515D,170,Medium-Term,9000,2022,0,FALSE,NA,NA
404776,BECKER WORKS LTD,2022-08-12,F17730,01098D,253,Medium-Term,9000,2022,0,FALSE,NA,NA
404775,BECKER WORKS LTD,2022-08-10,F17729,09391D,438,Long-Term,9000,2022,16.1,FALSE,NA,NA
404770,BECKER WORKS LTD,2022-08-10,F17726,09384D,436,Long-Term,9000,2022,13.6,FALSE,NA,NA
404774,BECKER WORKS LTD,2022-08-10,F17728,06104C,138,Medium-Term,9000,2022,0,FALSE,NA,NA
404774,BECKER WORKS LTD,2022-08-10,F17727,01392D,264,Medium-Term,9000,2022,0,FALSE,NA,NA
404274,ARTELYE INC,2022-08-04,F17638,08114D,470,Long-Term,9000,2022,23.8,FALSE,NA,NA
404277,ARTELYE INC,2022-08-04,F17639,08344D,452,Long-Term,9000,2022,0,FALSE,NA,NA
404267,ARTELYE INC,2022-08-04,F17637,02619D,470,Long-Term,9000,2022,25,FALSE,NA,NA
404262,ARTELYE INC,2022-08-04,F17635,08341D,475,Long-Term,9000,2022,74.3,FALSE,NA,NA
404265,ARTELYE INC,2022-08-04,F17636,08188D,455,Long-Term,9000,2022,15.5,FALSE,NA,NA
404284,M AND M MARBLE CO,2022-08-03,F17571,02530D,118,Short-Term,9000,2022,0,FALSE,NA,NA
404284,M AND M MARBLE CO,2022-08-03,F17570,02543D,135,Medium-Term,9000,2022,0,FALSE,NA,NA
404289,M AND M MARBLE CO,2022-08-03,F17568,02630D,130,Medium-Term,9000,2022,0,FALSE,NA,NA
404289,M AND M MARBLE CO,2022-08-03,F17567,02674D,137,Medium-Term,9000,2022,0,FALSE,NA,NA
404275,GARCIA IMPORTED TILE AND GRANITE,2022-08-03,F17506,02316E,383,Long-Term,9000,2022,16.8,FALSE,NA,NA
404269,GARCIA IMPORTED TILE AND GRANITE,2022-08-03,F17507,03489E,357,Medium-Term,9000,2022,32.4,FALSE,NA,NA
403269,TRIPLE D MARBLE AND GRANITE ENTERPRISES INC,2022-07-12,F16991,09016D,323,Medium-Term,9000,2022,39.2,FALSE,NA,NA
403264,TRIPLE D MARBLE AND GRANITE ENTERPRISES INC,2022-07-12,F16993,09898D,437,Long-Term,9000,2022,19.9,FALSE,NA,NA
402027,TOP TIER STONE,2022-06-16,F16509,06826E,210,Medium-Term,9000,2022,28.2,FALSE,NA,NA
401312,EVEREST COUNTERTOPS COLORADO INC,2022-06-10,F16186,08671D,375,Long-Term,9000,2022,19.9,FALSE,NA,NA
401231,EVEREST COUNTERTOPS COLORADO INC,2022-06-10,F16185,08805D,345,Medium-Term,9000,2022,48.9,FALSE,NA,NA
401309,EVEREST COUNTERTOPS COLORADO INC,2022-06-10,F16187,08912D,465,Long-Term,9000,2022,18.3,FALSE,NA,NA
398324,IMPERIAL MARBLE AND GRANITE INC,2022-04-22,F15019,02626D,300,Medium-Term,9000,2022,52.6,FALSE,NA,NA
398331,IMPERIAL MARBLE AND GRANITE INC,2022-04-22,F15020,02186D,378,Long-Term,9000,2022,39.3,FALSE,NA,NA
398295,IMPERIAL MARBLE AND GRANITE INC,2022-04-22,F15018,02506D,463,Long-Term,9000,2022,12.5,FALSE,NA,NA
397880,BARNES BLUESTONE INC,2022-04-20,F14848,09553D,420,Long-Term,9000,2022,46.4,FALSE,NA,NA
397886,BARNES BLUESTONE INC,2022-04-20,F14849,07520E,387,Long-Term,9000,2022,125,FALSE,NA,NA
397793,CUMAR INC,2022-04-19,F15065,09973D,456,Long-Term,9000,2022,85.4,FALSE,NA,NA
397794,CUMAR INC,2022-04-19,F15069,08025C,456,Long-Term,9000,2022,44.9,FALSE,NA,NA
397792,CUMAR INC,2022-04-19,F15068,08052C,456,Long-Term,9000,2022,40.1,FALSE,NA,NA
397791,CUMAR INC,2022-04-19,F15067,08145C,456,Long-Term,9000,2022,491,FALSE,NA,NA
397790,CUMAR INC,2022-04-19,F15066,08055C,456,Long-Term,9000,2022,48.2,FALSE,NA,NA
397243,TEXAS GRANITE,2022-04-07,F14548,01496E,450,Long-Term,9000,2022,24.7,FALSE,NA,NA
397239,TEXAS GRANITE,2022-04-07,F14547,08214D,452,Long-Term,9000,2022,14.2,FALSE,NA,NA
397237,TEXAS GRANITE,2022-04-07,F14546,08257D,452,Long-Term,9000,2022,0,FALSE,NA,NA
397120,CHESAPEAKE GRANITE AND MARBLE LLC,2022-04-06,F14388,01660D,180,Medium-Term,9000,2022,729,FALSE,NA,NA
397112,CHESAPEAKE GRANITE AND MARBLE LLC,2022-04-06,F14392,03911D,180,Medium-Term,9000,2022,88.2,FALSE,NA,NA
397120,CHESAPEAKE GRANITE AND MARBLE LLC,2022-04-06,F14389,01695D,62,Short-Term,9000,2022,731,FALSE,NA,NA
397120,CHESAPEAKE GRANITE AND MARBLE LLC,2022-04-06,F14390,04257D,180,Medium-Term,9000,2022,176,FALSE,NA,NA
397112,CHESAPEAKE GRANITE AND MARBLE LLC,2022-04-06,F14391,01579D,244,Medium-Term,9000,2022,0,FALSE,NA,NA
396701,ARMINA STONE,2022-03-31,F14281,07347E,370,Long-Term,9000,2022,0,FALSE,NA,NA
396704,ARMINA STONE,2022-03-31,F14283,01450D,360,Long-Term,9000,2022,20.8,FALSE,NA,NA
396703,ARMINA STONE,2022-03-31,F14282,01622D,210,Medium-Term,9000,2022,0,FALSE,NA,NA
396647,ENTERPRISE FLOORING SERVICE INC,2022-03-30,F14153,08117D,282,Medium-Term,9000,2022,57.5,FALSE,NA,NA
396649,ENTERPRISE FLOORING SERVICE INC,2022-03-30,F14154,08051D,424,Long-Term,9000,2022,0,FALSE,NA,NA
396736,BC STONE INC,2022-03-29,F14302,02567H,466,Long-Term,9000,2022,25.5,FALSE,NA,NA
396737,BC STONE INC,2022-03-29,F14303,02581H,415,Long-Term,9000,2022,20.9,FALSE,NA,NA
396731,BC STONE INC,2022-03-29,F14301,02492H,468,Long-Term,9000,2022,121,FALSE,NA,NA
396738,BC STONE INC,2022-03-29,F14304,02311H,460,Long-Term,9000,2022,202,FALSE,NA,NA
395893,GAST MONUMENTS INC,2022-03-17,F13943,02377D,328,Medium-Term,9000,2022,0,FALSE,NA,NA
394934,CREATIVE STONE MFG INC,2022-03-03,F13482,08856D,490,Long-Term,9000,2022,14.4,FALSE,NA,NA
394935,CREATIVE STONE MFG INC,2022-03-03,F13483,08416D,403,Long-Term,9000,2022,19.2,FALSE,NA,NA
394936,CREATIVE STONE MFG INC,2022-03-03,F13484,08380D,505,Long-Term,9000,2022,17.1,FALSE,NA,NA
394939,CREATIVE STONE MFG INC,2022-03-03,F13486,09112D,401,Long-Term,9000,2022,24.8,FALSE,NA,NA
394941,CREATIVE STONE MFG INC,2022-03-03,F13487,09108D,332,Medium-Term,9000,2022,0,FALSE,NA,NA
394932,CREATIVE STONE MFG INC,2022-03-03,F13481,08847D,492,Long-Term,9000,2022,21,FALSE,NA,NA
394931,CREATIVE STONE MFG INC,2022-03-03,F13480,09128D,458,Long-Term,9000,2022,14.4,FALSE,NA,NA
394937,CREATIVE STONE MFG INC,2022-03-03,F13485,09092D,480,Long-Term,9000,2022,21.2,FALSE,NA,NA
MI2022031505,GRANITE DIRECT,2022-02-24,F13800,220745,380,Long-Term,9000,2022,206,FALSE,NA,NA
MI2022031506,GRANITE DIRECT,2022-02-24,F13802,220747,275,Medium-Term,9000,2022,118,FALSE,NA,NA
MI2022031507,GRANITE DIRECT,2022-02-24,F13804,220749,380,Long-Term,9000,2022,99.6,FALSE,NA,NA
393521,ALLIED STONE INC,2022-02-02,F12772,09426C,482,Long-Term,9000,2022,0,FALSE,NA,NA
393519,ALLIED STONE INC,2022-02-02,F12771,08811D,486,Long-Term,9000,2022,0,FALSE,NA,NA
393522,ALLIED STONE INC,2022-02-02,F12770,09519C,480,Long-Term,9000,2022,12.4,FALSE,NA,NA
393520,ALLIED STONE INC,2022-02-02,F12769,09219C,484,Long-Term,9000,2022,123,FALSE,NA,NA
393445,CREATIVE STONE MFG INC,2022-02-01,F12757,08422D,110,Short-Term,9000,2022,0,FALSE,NA,NA
393444,CREATIVE STONE MFG INC,2022-02-01,F12756,08603D,110,Short-Term,9000,2022,0,FALSE,NA,NA
393443,CREATIVE STONE MFG INC,2022-02-01,F12755,08744D,155,Medium-Term,9000,2022,40.5,FALSE,NA,NA
393446,CREATIVE STONE MFG INC,2022-02-01,F12754,08381D,110,Short-Term,9000,2022,0,FALSE,NA,NA
385244,TRISTATE STONE AND TILE INC,2021-08-19,F09882,00991D,449,Long-Term,9000,2021,732,FALSE,NA,NA
385245,TRISTATE STONE AND TILE INC,2021-08-19,F09883,08093D,437,Long-Term,9000,2021,604,FALSE,NA,NA
385243,TRISTATE STONE AND TILE INC,2021-08-19,F09881,08553D,464,Long-Term,9000,2021,355,FALSE,NA,NA
384936,COLORADO COUNTERTOPS INC,2021-08-13,F09770,08160D,410,Long-Term,9000,2021,0,FALSE,NA,NA
384921,COLORADO COUNTERTOPS INC,2021-08-13,F09767,08492D,454,Long-Term,9000,2021,0,FALSE,NA,NA
384940,COLORADO COUNTERTOPS INC,2021-08-13,F09768,08290D,366,Long-Term,9000,2021,0,FALSE,NA,NA
384938,COLORADO COUNTERTOPS INC,2021-08-13,F09769,08287D,313,Medium-Term,9000,2021,0,FALSE,NA,NA
381510,SUDBURY GRANITE AND MARBLE LLC,2021-07-06,F08988,05260C,465,Long-Term,9000,2021,115,FALSE,NA,NA
381511,SUDBURY GRANITE AND MARBLE LLC,2021-07-06,F08986,00189D,471,Long-Term,9000,2021,78,FALSE,NA,NA
381509,SUDBURY GRANITE AND MARBLE LLC,2021-07-06,F08985,00379D,471,Long-Term,9000,2021,49.9,FALSE,NA,NA
381508,SUDBURY GRANITE AND MARBLE LLC,2021-07-06,F08987,03936D,472,Long-Term,9000,2021,51.3,FALSE,NA,NA
380940,BECKER WORKS LTD,2021-06-22,F08612,09498D,387,Long-Term,9000,2021,77.6,FALSE,NA,NA
380948,BECKER WORKS LTD,2021-06-22,F08616,09617D,374,Long-Term,9000,2021,0,FALSE,NA,NA
380947,BECKER WORKS LTD,2021-06-22,F08615,09608D,390,Long-Term,9000,2021,19.6,FALSE,NA,NA
380945,BECKER WORKS LTD,2021-06-22,F08614,09605D,382,Long-Term,9000,2021,0,FALSE,NA,NA
380944,BECKER WORKS LTD,2021-06-22,F08613,09621D,419,Long-Term,9000,2021,0,FALSE,NA,NA
380831,RESIDENTIAL DESIGN SERVICES,2021-06-10,F08556,5570A,484,Long-Term,9000,2021,76.3,FALSE,NA,NA
380839,RESIDENTIAL DESIGN SERVICES,2021-06-10,F08555,02082E,480,Long-Term,9000,2021,0,FALSE,NA,NA
380837,RESIDENTIAL DESIGN SERVICES,2021-06-10,F08558,06142D,458,Long-Term,9000,2021,21.9,FALSE,NA,NA
380835,RESIDENTIAL DESIGN SERVICES,2021-06-10,F08557,08246D,491,Long-Term,9000,2021,178.1,FALSE,NA,NA
MI2021062903,GRANITE CITY INC,2021-06-08,F08626,210964,308,Medium-Term,9000,2021,0,FALSE,NA,NA
MI2021062902,GRANITE CITY INC,2021-06-08,F08627,210965,309,Medium-Term,9000,2021,0,FALSE,NA,NA
380155,KITCHEN DESIGN INNOVATIONS INC,2021-06-03,F08380,06861E,239,Medium-Term,9000,2021,193,FALSE,NA,NA
380155,KITCHEN DESIGN INNOVATIONS INC,2021-06-03,F08381,06831E,180,Medium-Term,9000,2021,537,FALSE,NA,NA
380189,KITCHEN DESIGN INNOVATIONS INC,2021-06-03,F08382,06896E,239,Medium-Term,9000,2021,49.9,FALSE,NA,NA
380189,KITCHEN DESIGN INNOVATIONS INC,2021-06-03,F08383,07211E,182,Medium-Term,9000,2021,77.5,FALSE,NA,NA
379213,BRADLEY STONE INDUSTRIES LLC,2021-05-18,F07910,08412D,211,Medium-Term,9000,2021,0,FALSE,NA,NA
379213,BRADLEY STONE INDUSTRIES LLC,2021-05-18,F07911,01998D,235,Medium-Term,9000,2021,0,FALSE,NA,NA
379214,BRADLEY STONE INDUSTRIES LLC,2021-05-18,F07912,08358D,213,Medium-Term,9000,2021,0,FALSE,NA,NA
379214,BRADLEY STONE INDUSTRIES LLC,2021-05-18,F07913,08349D,238,Medium-Term,9000,2021,0,FALSE,NA,NA
379020,DKS ENTERPRISE LLC,2021-05-11,F07764,05668E,18,Task-Based,9000,2021,0,FALSE,NA,NA
379026,DKS ENTERPRISE LLC,2021-05-11,F07765,06153E,25,Task-Based,9000,2021,0,FALSE,NA,NA
378979,NINOS MARBLE AND GRANITE,2021-05-10,F07797,07312E,300,Medium-Term,9000,2021,115,FALSE,NA,NA
378474,PURE GRANITE AND STONE LLC,2021-04-29,F07422,05851C,200,Medium-Term,9000,2021,0,FALSE,NA,NA
378475,PURE GRANITE AND STONE LLC,2021-04-29,F07419,05864C,191,Medium-Term,9000,2021,0,FALSE,NA,NA
378475,PURE GRANITE AND STONE LLC,2021-04-29,F07420,09810E,39,Short-Term,9000,2021,0,FALSE,NA,NA
378475,PURE GRANITE AND STONE LLC,2021-04-29,F07421,05331C,148,Medium-Term,9000,2021,0,FALSE,NA,NA
378476,PURE GRANITE AND STONE LLC,2021-04-29,F07423,09724E,224,Medium-Term,9000,2021,0,FALSE,NA,NA
378476,PURE GRANITE AND STONE LLC,2021-04-29,F07424,05871C,154,Medium-Term,9000,2021,0,FALSE,NA,NA
378056,AUTHENTIC SURFACES LLC,2021-04-20,F07118,08221D,231,Medium-Term,9000,2021,27.8,FALSE,NA,NA
378073,PLAZZA NATURAL STONE LLC,2021-04-20,F07379,05108D,260,Medium-Term,9000,2021,33.7,FALSE,NA,NA
378075,PLAZZA NATURAL STONE LLC,2021-04-20,F07380,2216A,297,Medium-Term,9000,2021,30.6,FALSE,NA,NA
378075,PLAZZA NATURAL STONE LLC,2021-04-20,F07381,05497D,140,Medium-Term,9000,2021,0,FALSE,NA,NA
378076,PLAZZA NATURAL STONE LLC,2021-04-20,F07382,2255A,312,Medium-Term,9000,2021,0,FALSE,NA,NA
378076,PLAZZA NATURAL STONE LLC,2021-04-20,F07383,08126E,154,Medium-Term,9000,2021,0,FALSE,NA,NA
378063,AUTHENTIC SURFACES LLC,2021-04-19,F07119,01504D,112,Short-Term,9000,2021,105,FALSE,NA,NA
377629,WINTER PARK GRANITE AND MARBLE LLC,2021-04-12,F07105,03192D,279,Medium-Term,9000,2021,0,FALSE,NA,NA
377627,WINTER PARK GRANITE AND MARBLE LLC,2021-04-12,F07106,01375D,280,Medium-Term,9000,2021,22.4,FALSE,NA,NA
377545,TEXAS GRANITE,2021-04-08,F06838,4321A,447,Long-Term,9000,2021,47.8,FALSE,NA,NA
377546,TEXAS GRANITE,2021-04-08,F06839,05658D,458,Long-Term,9000,2021,155,FALSE,NA,NA
377547,TEXAS GRANITE,2021-04-08,F06840,05890D,457,Long-Term,9000,2021,476,FALSE,NA,NA
376325,NATURAL GRANITES MFG LLC,2021-03-09,F06196,01488D,77,Short-Term,9000,2021,0,FALSE,NA,NA
376326,NATURAL GRANITES MFG LLC,2021-03-09,F06195,01498D,72,Short-Term,9000,2021,0,FALSE,NA,NA
375841,ISLAND GRANITE LLC,2021-02-19,F05916,08041D,480,Long-Term,9000,2021,0,FALSE,NA,NA
375840,ISLAND GRANITE LLC,2021-02-19,F05915,08272D,480,Long-Term,9000,2021,114,FALSE,NA,NA
375838,ISLAND GRANITE LLC,2021-02-19,F05914,08170D,480,Long-Term,9000,2021,122,FALSE,NA,NA
376103,NORTHERN LIGHT STONE WORKS,2021-02-04,F06071,00364E,240,Medium-Term,9000,2021,36.7,FALSE,NA,NA
376103,NORTHERN LIGHT STONE WORKS,2021-02-04,F06072,00108E,140,Medium-Term,9000,2021,0,FALSE,NA,NA
375350,SILVERMINE STONE OPERATING COMPANY LLC,2021-02-03,F05737,08083D,436,Long-Term,9000,2021,0,FALSE,NA,NA
375349,SILVERMINE STONE OPERATING COMPANY LLC,2021-02-03,F05736,01517D,414,Long-Term,9000,2021,0,FALSE,NA,NA
375356,SILVERMINE STONE OPERATING COMPANY LLC,2021-02-03,F05738,08222D,259,Medium-Term,9000,2021,0,FALSE,NA,NA
374920,NCV ENTERPRISES LLC,2021-01-20,F05528,07009E,270,Medium-Term,9000,2021,749,FALSE,NA,NA
374717,KONKUS MARBLE AND GRANITE INC,2021-01-07,F05485,05286D,422,Long-Term,9000,2021,14.9,FALSE,NA,NA
374716,KONKUS MARBLE AND GRANITE INC,2021-01-07,F05484,05346D,461,Long-Term,9000,2021,35.8,FALSE,NA,NA
374718,KONKUS MARBLE AND GRANITE INC,2021-01-07,F05486,03115D,431,Long-Term,9000,2021,36.3,FALSE,NA,NA
374714,KONKUS MARBLE AND GRANITE INC,2021-01-07,F05482,03892D,484,Long-Term,9000,2021,104,FALSE,NA,NA
374715,KONKUS MARBLE AND GRANITE INC,2021-01-07,F05483,03880D,449,Long-Term,9000,2021,247,FALSE,NA,NA
374694,MARBLE BUILDER DIRECT INTERNATIONAL INC,2020-12-29,F05383,05943D,190,Medium-Term,9000,2020,71.176,FALSE,NA,NA
374693,MARBLE BUILDER DIRECT INTERNATIONAL INC,2020-12-29,F05382,02134D,370,Long-Term,9000,2020,349.491,FALSE,NA,NA
374692,MARBLE BUILDER DIRECT INTERNATIONAL INC,2020-12-29,F05381,05549D,255,Medium-Term,9000,2020,52.48,FALSE,NA,NA
373886,TEXAS STONE GRANITE LLC,2020-11-17,F05185,08489D,325,Medium-Term,9000,2020,39.6,FALSE,NA,NA
373884,TEXAS STONE GRANITE LLC,2020-11-17,F05186,08310D,390,Long-Term,9000,2020,30.6,FALSE,NA,NA
372121,RI UNIQUE MARBLE AND GRANITE INC,2020-10-16,F04747,03538D,252,Medium-Term,9000,2020,0,FALSE,NA,NA
372122,RI UNIQUE MARBLE AND GRANITE INC,2020-10-16,F04746,03732D,247,Medium-Term,9000,2020,0,FALSE,NA,NA
371960,RIO STONE GROUP LLC,2020-10-09,F04702,05545D,373,Long-Term,9000,2020,0,FALSE,NA,NA
371962,RIO STONE GROUP LLC,2020-10-09,F04701,05457D,373,Long-Term,9000,2020,0,FALSE,NA,NA
369571,GRANEX INDUSTRIES INC,2020-07-28,F04059,01955D,462,Long-Term,9000,2020,0,FALSE,NA,NA
369572,GRANEX INDUSTRIES INC,2020-07-28,F04060,01662D,458,Long-Term,9000,2020,0,FALSE,NA,NA
369570,GRANEX INDUSTRIES INC,2020-07-28,F04058,01738D,461,Long-Term,9000,2020,0,FALSE,NA,NA
369569,GRANEX INDUSTRIES INC,2020-07-28,F04057,01819D,463,Long-Term,9000,2020,0,FALSE,NA,NA
369568,GRANEX INDUSTRIES INC,2020-07-28,F04056,01555D,469,Long-Term,9000,2020,0,FALSE,NA,NA
368910,MCCUE MEMORIAL CO INC,2020-06-30,F03817,04758D,272,Medium-Term,9000,2020,185,FALSE,NA,NA
368890,BATH AND GRANITE 4 LESS LLC,2020-06-30,F03749,01005D,375,Long-Term,9000,2020,0,FALSE,NA,NA
368911,MCCUE MEMORIAL CO INC,2020-06-30,F03819,04581D,268,Medium-Term,9000,2020,53.4,FALSE,NA,NA
368910,MCCUE MEMORIAL CO INC,2020-06-30,F03818,04944D,143,Medium-Term,9000,2020,231,FALSE,NA,NA
368911,MCCUE MEMORIAL CO INC,2020-06-30,F03820,04509D,149,Medium-Term,9000,2020,0,FALSE,NA,NA
368909,MCCUE MEMORIAL CO INC,2020-06-30,F03815,04799D,278,Medium-Term,9000,2020,0,FALSE,NA,NA
368909,MCCUE MEMORIAL CO INC,2020-06-30,F03816,04706D,148,Medium-Term,9000,2020,0,FALSE,NA,NA
368892,BATH AND GRANITE 4 LESS LLC,2020-06-30,F03748,01018D,376,Long-Term,9000,2020,0,FALSE,NA,NA
367164,C AND C SAGE INC,2020-03-26,F03227,05672D,480,Long-Term,9000,2020,86.4,FALSE,NA,NA
367163,C AND C SAGE INC,2020-03-26,F03226,04000D,453,Long-Term,9000,2020,15.4,FALSE,NA,NA
367162,C AND C SAGE INC,2020-03-26,F03225,03831D,468,Long-Term,9000,2020,57.4,FALSE,NA,NA
367161,C AND C SAGE INC,2020-03-25,F03223,9148B,460,Long-Term,9000,2020,150,FALSE,NA,NA
367160,C AND C SAGE INC,2020-03-25,F03222,03968D,460,Long-Term,9000,2020,37.4,FALSE,NA,NA
367159,C AND C SAGE INC,2020-03-25,F03221,05773D,421,Long-Term,9000,2020,27.4,FALSE,NA,NA
366369,USDOL OSHAATLANTA EAST,2020-03-18,F03084,01691D,310,Medium-Term,9000,2020,0,FALSE,NA,NA
366365,LANDMARK GRANITE COMPANY INC,2020-03-18,F03085,01673D,349,Medium-Term,9000,2020,21.5,FALSE,NA,NA
366363,LANDMARK GRANITE COMPANY INC,2020-03-18,F03086,01821D,319,Medium-Term,9000,2020,0,FALSE,NA,NA
366126,FLYNN STONE DESIGN AND FABRICATION,2020-03-13,F02884,04454D,216,Medium-Term,9000,2020,250,FALSE,NA,NA
366129,FLYNN STONE DESIGN AND FABRICATION,2020-03-13,F02885,04464D,212,Medium-Term,9000,2020,93.8,FALSE,NA,NA
366132,FLYNN STONE DESIGN AND FABRICATION,2020-03-13,F02886,07940E,203,Medium-Term,9000,2020,0,FALSE,NA,NA
366118,SIMSLOHMAN INC,2020-03-13,F02899,03479D,436,Long-Term,9000,2020,40.5,FALSE,NA,NA
366116,SIMSLOHMAN INC,2020-03-13,F02897,03579D,441,Long-Term,9000,2020,25.5,FALSE,NA,NA
366117,SIMSLOHMAN INC,2020-03-13,F02898,03524D,439,Long-Term,9000,2020,31.7,FALSE,NA,NA
365990,ETERNAL STONE INC,2020-03-11,F02889,03566E,399,Long-Term,9000,2020,58.6,FALSE,NA,NA
365994,ETERNAL STONE INC,2020-03-11,F02890,03430E,395,Long-Term,9000,2020,214,FALSE,NA,NA
365985,ETERNAL STONE INC,2020-03-11,F02888,03516E,398,Long-Term,9000,2020,0,FALSE,NA,NA
364783,PANHANDLE QUARTZ FABRICATION LLC,2020-02-27,F02256,05674E,212,Medium-Term,9000,2020,0,FALSE,NA,NA
364785,PANHANDLE QUARTZ FABRICATION LLC,2020-02-27,F02258,05696E,219,Medium-Term,9000,2020,133,FALSE,NA,NA
364783,PANHANDLE QUARTZ FABRICATION LLC,2020-02-27,F02257,05470E,205,Medium-Term,9000,2020,422,FALSE,NA,NA
364785,PANHANDLE QUARTZ FABRICATION LLC,2020-02-27,F02259,05726E,220,Medium-Term,9000,2020,0,FALSE,NA,NA
364787,PANHANDLE QUARTZ FABRICATION LLC,2020-02-27,F02260,05571E,222,Medium-Term,9000,2020,168,FALSE,NA,NA
364418,STONE SYSTEMS OF NEW ENGLAND LLC,2020-02-25,F02377,03487D,375,Long-Term,9000,2020,121,FALSE,NA,NA
364418,STONE SYSTEMS OF NEW ENGLAND LLC,2020-02-25,F02378,05434D,80,Short-Term,9000,2020,0,FALSE,NA,NA
364423,STONE SYSTEMS OF NEW ENGLAND LLC,2020-02-25,F02379,03597D,425,Long-Term,9000,2020,0,FALSE,NA,NA
364432,STONE SYSTEMS OF NEW ENGLAND LLC,2020-02-25,F02380,03582D,430,Long-Term,9000,2020,168,FALSE,NA,NA
364434,STONE SYSTEMS OF NEW ENGLAND LLC,2020-02-25,F02381,06381E,459,Long-Term,9000,2020,0,FALSE,NA,NA
363419,BILLS GRANITE COUNTERTOPS LLC,2020-02-10,F01383,01256D,375,Long-Term,9000,2020,211,FALSE,NA,NA
363421,BILLS GRANITE COUNTERTOPS LLC,2020-02-10,F01384,01492D,372,Long-Term,9000,2020,149,FALSE,NA,NA
363418,BILLS GRANITE COUNTERTOPS LLC,2020-02-10,F01382,01008D,377,Long-Term,9000,2020,103,FALSE,NA,NA
362164,DIMENSIONAL MARBLE AND TILE INC,2020-01-27,F00767,01574C,7,Task-Based,9000,2020,0,FALSE,NA,NA
363268,SAULOS GRANITE LLC,2020-01-22,F01498,01300D,329,Medium-Term,9000,2020,157,FALSE,NA,NA
363267,SAULOS GRANITE LLC,2020-01-22,F01497,01315D,360,Long-Term,9000,2020,494,FALSE,NA,NA
363265,SAULOS GRANITE LLC,2020-01-22,F01495,01319D,367,Long-Term,9000,2020,2370,FALSE,NA,NA
363266,SAULOS GRANITE LLC,2020-01-22,F01496,01152D,369,Long-Term,9000,2020,4090,FALSE,NA,NA
363263,SAULOS GRANITE LLC,2020-01-16,F01501,05899D,300,Medium-Term,9000,2020,3010,FALSE,NA,NA
363264,SAULOS GRANITE LLC,2020-01-16,F01500,01187D,315,Medium-Term,9000,2020,4110,FALSE,NA,NA
360827,AMERICAN MARBLE,2020-01-07,F00765,8561A,471,Long-Term,9000,2020,26.6,FALSE,NA,NA
360970,O T DAVIS MONUMENT LLC,2020-01-07,F00635,03001D,98,Short-Term,9000,2020,0,FALSE,NA,NA
360970,O T DAVIS MONUMENT LLC,2020-01-07,F00634,00269D,205,Medium-Term,9000,2020,0,FALSE,NA,NA
360829,CUSTOM CAST MARBLEWORKS INC,2020-01-03,F00182,01227E,225,Medium-Term,9000,2020,0,FALSE,NA,NA
360829,CUSTOM CAST MARBLEWORKS INC,2020-01-03,F00183,01170E,186,Medium-Term,9000,2020,0,FALSE,NA,NA
360835,CUSTOM CAST MARBLEWORKS INC,2020-01-03,F00178,01155E,298,Medium-Term,9000,2020,55.1,FALSE,NA,NA
360837,CUSTOM CAST MARBLEWORKS INC,2020-01-03,F00180,01368E,154,Medium-Term,9000,2020,78.5,FALSE,NA,NA
360835,CUSTOM CAST MARBLEWORKS INC,2020-01-03,F00179,01006E,104,Short-Term,9000,2020,180,FALSE,NA,NA
360837,CUSTOM CAST MARBLEWORKS INC,2020-01-03,F00181,01078E,242,Medium-Term,9000,2020,54.9,FALSE,NA,NA
357550,MARBLECAST GRANITE AND MARBLE INC,2019-11-12,S36832,04774D,60,Short-Term,9000,2019,0,FALSE,NA,NA
357557,MARBLECAST GRANITE AND MARBLE INC,2019-11-12,S36834,04869D,480,Long-Term,9000,2019,0,FALSE,NA,NA
357554,MARBLECAST GRANITE AND MARBLE INC,2019-11-12,S36833,04424D,282,Medium-Term,9000,2019,0,FALSE,NA,NA
358143,MARYLAND STYLE MARBLE AND GRANITE INC,2019-11-05,S37053,05661D,272,Medium-Term,9000,2019,0,FALSE,NA,NA
358142,MARYLAND STYLE MARBLE AND GRANITE INC,2019-11-05,S37052,03931D,265,Medium-Term,9000,2019,0,FALSE,NA,NA
356594,SIMMONS CUSTOM GRANITE LLC,2019-10-31,S36515,05700D,420,Long-Term,9000,2019,24.1,FALSE,NA,NA
356592,SIMMONS CUSTOM GRANITE LLC,2019-10-31,S36513,05685D,415,Long-Term,9000,2019,0,FALSE,NA,NA
356591,SIMMONS CUSTOM GRANITE LLC,2019-10-31,S36512,05652D,414,Long-Term,9000,2019,0,FALSE,NA,NA
356593,SIMMONS CUSTOM GRANITE LLC,2019-10-31,S36514,05855D,421,Long-Term,9000,2019,0,FALSE,NA,NA
355781,ARGENTO MARBLE LLC,2019-10-24,S36256,05503D,440,Long-Term,9000,2019,0,FALSE,NA,NA
355780,ARGENTO MARBLE LLC,2019-10-24,S36257,04146D,450,Long-Term,9000,2019,0,FALSE,NA,NA
355778,ARGENTO MARBLE LLC,2019-10-24,S36259,05308D,450,Long-Term,9000,2019,0,FALSE,NA,NA
355779,ARGENTO MARBLE LLC,2019-10-24,S36258,05254D,440,Long-Term,9000,2019,0,FALSE,NA,NA
355093,AANDA LINAS GRANITE LLC,2019-10-16,S35840,04573E,130,Medium-Term,9000,2019,0,FALSE,NA,NA
355093,AANDA LINAS GRANITE LLC,2019-10-16,S35839,04835E,169,Medium-Term,9000,2019,0,FALSE,NA,NA
355081,AANDA LINAS GRANITE LLC,2019-10-16,S35838,02295E,130,Medium-Term,9000,2019,259.2,FALSE,NA,NA
355081,AANDA LINAS GRANITE LLC,2019-10-16,S35837,04692E,168,Medium-Term,9000,2019,235.7,FALSE,NA,NA
353889,MARBLE BUILDER DIRECT INTERNATIONAL INC,2019-09-26,S35337,02095D,229,Medium-Term,9000,2019,142,FALSE,NA,NA
353888,MARBLE BUILDER DIRECT INTERNATIONAL INC,2019-09-26,S35336,02001D,223,Medium-Term,9000,2019,0,FALSE,NA,NA
353887,MARBLE BUILDER DIRECT INTERNATIONAL INC,2019-09-26,S35335,02080D,375,Long-Term,9000,2019,394,FALSE,NA,NA
353890,MARBLE BUILDER DIRECT INTERNATIONAL INC,2019-09-25,S35338,02028D,299,Medium-Term,9000,2019,28.1,FALSE,NA,NA
352023,VENEER STONE WORKS,2019-09-04,S34720,00204D,355,Medium-Term,9000,2019,0,FALSE,NA,NA
352029,VENEER STONE WORKS,2019-09-04,S34718,03952D,330,Medium-Term,9000,2019,0,FALSE,NA,NA
352025,VENEER STONE WORKS,2019-09-04,S34722,03961D,311,Medium-Term,9000,2019,0,FALSE,NA,NA
352026,VENEER STONE WORKS,2019-09-04,S34723,03998D,332,Medium-Term,9000,2019,0,FALSE,NA,NA
352028,VENEER STONE WORKS,2019-09-04,S34725,00430D,296,Medium-Term,9000,2019,0,FALSE,NA,NA
352022,VENEER STONE WORKS,2019-09-04,S34719,00232D,327,Medium-Term,9000,2019,0,FALSE,NA,NA
352027,VENEER STONE WORKS,2019-09-04,S34724,03972D,302,Medium-Term,9000,2019,0,FALSE,NA,NA
352024,VENEER STONE WORKS,2019-09-04,S34721,03985D,350,Medium-Term,9000,2019,0,FALSE,NA,NA
351746,QUARTZ AND STONE CREATIONS OF NEW HAMPSHIRE LLC,2019-08-30,S34467,04180D,182,Medium-Term,9000,2019,0,FALSE,NA,NA
351746,QUARTZ AND STONE CREATIONS OF NEW HAMPSHIRE LLC,2019-08-30,S34468,04153D,141,Medium-Term,9000,2019,0,FALSE,NA,NA
351900,ALLIED STONE INC,2019-08-30,S34662,04495D,401,Long-Term,9000,2019,0,FALSE,NA,NA
351892,ALLIED STONE INC,2019-08-30,S34661,04907D,120,Short-Term,9000,2019,0,FALSE,NA,NA
351892,ALLIED STONE INC,2019-08-30,S34660,04481D,180,Medium-Term,9000,2019,0,FALSE,NA,NA
351886,ALLIED STONE INC,2019-08-30,S34656,04646D,400,Long-Term,9000,2019,0,FALSE,NA,NA
351886,ALLIED STONE INC,2019-08-30,S34657,04469D,42,Short-Term,9000,2019,0,FALSE,NA,NA
351889,ALLIED STONE INC,2019-08-30,S34658,04503D,340,Medium-Term,9000,2019,51.5,FALSE,NA,NA
351889,ALLIED STONE INC,2019-08-30,S34659,04912D,116,Short-Term,9000,2019,88.5,FALSE,NA,NA
351748,QUARTZ AND STONE CREATIONS OF NEW HAMPSHIRE LLC,2019-08-29,S34472,04341D,91,Short-Term,9000,2019,0,FALSE,NA,NA
351748,QUARTZ AND STONE CREATIONS OF NEW HAMPSHIRE LLC,2019-08-29,S34471,03869E,173,Medium-Term,9000,2019,0,FALSE,NA,NA
351747,QUARTZ AND STONE CREATIONS OF NEW HAMPSHIRE LLC,2019-08-29,S34470,04043D,144,Medium-Term,9000,2019,0,FALSE,NA,NA
351747,QUARTZ AND STONE CREATIONS OF NEW HAMPSHIRE LLC,2019-08-29,S34469,04343D,172,Medium-Term,9000,2019,0,FALSE,NA,NA
349391,JOE SQUID INC,2019-07-31,S33405,05774D,194,Medium-Term,9000,2019,34.2,FALSE,NA,NA
349397,JOE SQUID INC,2019-07-31,S33406,05972D,188,Medium-Term,9000,2019,146,FALSE,NA,NA
347177,STONEMODE GRANITE LLC,2019-06-28,S32478,03549E,480,Long-Term,9000,2019,71.7,FALSE,NA,NA
347178,STONEMODE GRANITE LLC,2019-06-28,S32477,03278E,398,Long-Term,9000,2019,24.9,FALSE,NA,NA
346579,DISTINCTIVE SURFACES INC,2019-06-26,S32335,02667E,472,Long-Term,9000,2019,0,FALSE,NA,NA
346576,DISTINCTIVE SURFACES INC,2019-06-26,S32332,05101D,471,Long-Term,9000,2019,0,FALSE,NA,NA
346577,DISTINCTIVE SURFACES INC,2019-06-26,S32333,05502D,432,Long-Term,9000,2019,0,FALSE,NA,NA
346578,DISTINCTIVE SURFACES INC,2019-06-26,S32334,02384E,444,Long-Term,9000,2019,0,FALSE,NA,NA
345645,PEPIN GRANITE COMPANY INC,2019-06-12,S31810,00724E,415,Long-Term,9000,2019,41.7,FALSE,NA,NA
345641,PEPIN GRANITE COMPANY INC,2019-06-12,S31809,00828E,413,Long-Term,9000,2019,86.2,FALSE,NA,NA
345410,STRATA GRANITE AND MARBLE LLC,2019-05-30,S31697,04175D,141,Medium-Term,9000,2019,0,FALSE,NA,NA
343581,ITAL MARBLE CO INC,2019-05-21,S30917,05025D,353,Medium-Term,9000,2019,61.8,FALSE,NA,NA
343583,ITAL MARBLE CO INC,2019-05-21,S30919,05377D,416,Long-Term,9000,2019,87,FALSE,NA,NA
343458,QUARRY INDUSTRIES INC,2019-05-16,S30726,03732E,114,Short-Term,9000,2019,0,FALSE,NA,NA
343456,QUARRY INDUSTRIES INC,2019-05-16,S30729,05403D,437,Long-Term,9000,2019,0,FALSE,NA,NA
343457,QUARRY INDUSTRIES INC,2019-05-16,S30728,05828D,454,Long-Term,9000,2019,0,FALSE,NA,NA
343459,QUARRY INDUSTRIES INC,2019-05-16,S30727,03503E,116,Short-Term,9000,2019,51.8,FALSE,NA,NA
343096,RICHARD FLEET,2019-05-14,S30492,02666E,466,Long-Term,9000,2019,23.6,FALSE,NA,NA
343074,UNLIMITED STONE LLC,2019-05-10,S30494,02852D,297,Medium-Term,9000,2019,1500,FALSE,NA,NA
342831,STRATA GRANITE AND MARBLE LLC,2019-05-07,S30315,04090D,168,Medium-Term,9000,2019,0,FALSE,NA,NA
342831,STRATA GRANITE AND MARBLE LLC,2019-05-07,S30314,04039D,232,Medium-Term,9000,2019,0,FALSE,NA,NA
342830,STRATA GRANITE AND MARBLE LLC,2019-05-07,S30316,04307D,254,Medium-Term,9000,2019,26.7,FALSE,NA,NA
342830,STRATA GRANITE AND MARBLE LLC,2019-05-07,S30317,04332D,135,Medium-Term,9000,2019,308,FALSE,NA,NA
341754,GRANITE WORLD OF COLORADO LLC,2019-05-01,S29946,03402D,459,Long-Term,9000,2019,26.3,FALSE,NA,NA
341757,GRANITE WORLD OF COLORADO LLC,2019-05-01,S29947,03716E,467,Long-Term,9000,2019,12.4,FALSE,NA,NA
341758,GRANITE WORLD OF COLORADO LLC,2019-05-01,S29948,03442D,458,Long-Term,9000,2019,26.1,FALSE,NA,NA
341759,GRANITE WORLD OF COLORADO LLC,2019-05-01,S29949,03718D,450,Long-Term,9000,2019,31.2,FALSE,NA,NA
341763,GRANITE WORLD OF COLORADO LLC,2019-05-01,S29950,03300E,405,Long-Term,9000,2019,17,FALSE,NA,NA
341764,GRANITE WORLD OF COLORADO LLC,2019-05-01,S29951,03691D,428,Long-Term,9000,2019,13.7,FALSE,NA,NA
341771,GRANITE WORLD OF COLORADO LLC,2019-05-01,S29952,03503D,344,Medium-Term,9000,2019,0,FALSE,NA,NA
339233,CREATIVE STONE MFG INC,2019-03-26,S28668,03201E,225,Medium-Term,9000,2019,0,FALSE,NA,NA
339231,CREATIVE STONE MFG INC,2019-03-26,S28679,02815E,126,Medium-Term,9000,2019,0,FALSE,NA,NA
339232,CREATIVE STONE MFG INC,2019-03-26,S28667,03171E,477,Long-Term,9000,2019,22.7,FALSE,NA,NA
339231,CREATIVE STONE MFG INC,2019-03-26,S28678,03246E,239,Medium-Term,9000,2019,0,FALSE,NA,NA
339230,CREATIVE STONE MFG INC,2019-03-26,S28677,05215C,139,Medium-Term,9000,2019,0,FALSE,NA,NA
339230,CREATIVE STONE MFG INC,2019-03-26,S28676,03126E,224,Medium-Term,9000,2019,0,FALSE,NA,NA
339229,CREATIVE STONE MFG INC,2019-03-26,S28675,03208E,270,Medium-Term,9000,2019,0,FALSE,NA,NA
339225,CREATIVE STONE MFG INC,2019-03-26,S28674,03131E,30,Task-Based,9000,2019,0,FALSE,NA,NA
339225,CREATIVE STONE MFG INC,2019-03-26,S28673,05258C,108,Short-Term,9000,2019,0,FALSE,NA,NA
339233,CREATIVE STONE MFG INC,2019-03-26,S28669,05230C,137,Medium-Term,9000,2019,0,FALSE,NA,NA
339234,CREATIVE STONE MFG INC,2019-03-26,S28670,03110E,413,Long-Term,9000,2019,0,FALSE,NA,NA
339236,CREATIVE STONE MFG INC,2019-03-26,S28671,05378C,368,Long-Term,9000,2019,0,FALSE,NA,NA
337530,RS STONE WORKS LLC,2019-03-08,S27660,05622D,273,Medium-Term,9000,2019,0,FALSE,NA,NA
336644,GETTY GRANITE COMPANY,2019-03-05,S27633,09196E,101,Short-Term,9000,2019,0,FALSE,NA,NA
336643,GETTY GRANITE COMPANY,2019-03-05,S27635,08909E,101,Short-Term,9000,2019,0,FALSE,NA,NA
336748,NEW STONE CONCEPTS,2019-02-26,S27203,1980A,146,Medium-Term,9000,2019,1380,FALSE,NA,NA
336748,NEW STONE CONCEPTS,2019-02-26,S27204,4307A,227,Medium-Term,9000,2019,409,FALSE,NA,NA
336748,NEW STONE CONCEPTS,2019-02-26,S27205,1719A,91,Short-Term,9000,2019,1804,FALSE,NA,NA
336747,NEW STONE CONCEPTS,2019-02-26,S27200,1315A,111,Short-Term,9000,2019,265,FALSE,NA,NA
336747,NEW STONE CONCEPTS,2019-02-26,S27199,1736A,193,Medium-Term,9000,2019,73.5,FALSE,NA,NA
336747,NEW STONE CONCEPTS,2019-02-26,S27198,1292A,140,Medium-Term,9000,2019,91.9,FALSE,NA,NA
336753,US DOL OSHA AUSTIN AREA OFFICE,2019-02-26,S27201,5375A,204,Medium-Term,9000,2019,0,FALSE,NA,NA
336753,US DOL OSHA AUSTIN AREA OFFICE,2019-02-26,S27202,5294A,208,Medium-Term,9000,2019,0,FALSE,NA,NA
335801,MARBLE BUILDER DIRECT INTERNATIONAL INC,2019-02-13,S26573,02113D,400,Long-Term,9000,2019,0,FALSE,NA,NA
335800,MARBLE BUILDER DIRECT INTERNATIONAL INC,2019-02-13,S26574,05759D,437,Long-Term,9000,2019,0,FALSE,NA,NA
335797,MARBLE BUILDER DIRECT INTERNATIONAL INC,2019-02-13,S26575,05690D,378,Long-Term,9000,2019,0,FALSE,NA,NA
335132,KITCHEN DESIGN INNOVATIONS INC,2019-02-12,S26620,08878E,100,Short-Term,9000,2019,0,FALSE,NA,NA
335132,KITCHEN DESIGN INNOVATIONS INC,2019-02-12,S26619,09123E,338,Medium-Term,9000,2019,47.6,FALSE,NA,NA
335136,KITCHEN DESIGN INNOVATIONS INC,2019-02-12,S26616,09187E,100,Short-Term,9000,2019,179,FALSE,NA,NA
335136,KITCHEN DESIGN INNOVATIONS INC,2019-02-12,S26615,09031E,349,Medium-Term,9000,2019,119,FALSE,NA,NA
335134,KITCHEN DESIGN INNOVATIONS INC,2019-02-12,S26618,09322E,98,Short-Term,9000,2019,0,FALSE,NA,NA
335134,KITCHEN DESIGN INNOVATIONS INC,2019-02-12,S26617,08901E,343,Medium-Term,9000,2019,73.2,FALSE,NA,NA
336328,SOSAS CUSTOM GRANITE,2019-02-07,S27009,03073D,170,Medium-Term,9000,2019,159,FALSE,NA,NA
335204,GRANITE TRANSFORMATIONS OF DAYTON,2019-02-07,S26352,05889C,425,Long-Term,9000,2019,44.2,FALSE,NA,NA
336240,SOSAS CUSTOM GRANITE,2019-02-07,S27010,03214D,233,Medium-Term,9000,2019,390,FALSE,NA,NA
336363,SOSAS CUSTOM GRANITE,2019-02-07,S27011,02877D,170,Medium-Term,9000,2019,177,FALSE,NA,NA
335197,GRANITE TRANSFORMATIONS OF DAYTON,2019-02-07,S26351,00350E,432,Long-Term,9000,2019,0,FALSE,NA,NA
335192,GRANITE TRANSFORMATIONS OF DAYTON,2019-02-07,S26350,04295E,305,Medium-Term,9000,2019,0,FALSE,NA,NA
333618,CARRERAS MARBLE DESIGNERS INC,2019-01-17,S25624,04878E,401,Long-Term,9000,2019,269,FALSE,NA,NA
333620,CARRERAS MARBLE DESIGNERS INC,2019-01-17,S25625,04629E,416,Long-Term,9000,2019,491,FALSE,NA,NA
333585,ALL GRANITE AND MARBLE CORPORATION,2019-01-17,S25853,02339E,165,Medium-Term,9000,2019,0,FALSE,NA,NA
333584,ALL GRANITE AND MARBLE CORPORATION,2019-01-17,S25854,02766E,168,Medium-Term,9000,2019,0,FALSE,NA,NA
333357,STONE HOUSE ENTERPRISES INC,2019-01-16,S25487,07758E,280,Medium-Term,9000,2019,1133,FALSE,NA,NA
333357,STONE HOUSE ENTERPRISES INC,2019-01-16,S25486,07694E,135,Medium-Term,9000,2019,1550,FALSE,NA,NA
333760,UNITED GRANITE LLC,2019-01-16,S25829,02054E,294,Medium-Term,9000,2019,35.4,FALSE,NA,NA
333413,EXPRESS GRANITE LLC,2019-01-16,S25747,04618E,283,Medium-Term,9000,2019,44.1,FALSE,NA,NA
333410,EXPRESS GRANITE LLC,2019-01-16,S25749,04900E,290,Medium-Term,9000,2019,242.2,FALSE,NA,NA
333759,UNITED GRANITE LLC,2019-01-16,S25828,02170E,352,Medium-Term,9000,2019,24.3,FALSE,NA,NA
333411,EXPRESS GRANITE LLC,2019-01-16,S25748,04148E,245,Medium-Term,9000,2019,40.1,FALSE,NA,NA
331734,HILGARTNER NATURAL STONE CO INC,2018-12-13,S25104,02286E,186,Medium-Term,9000,2018,0,FALSE,NA,NA
331298,ROMANCING THE STONE INC,2018-12-06,S24692,00468E,465,Long-Term,9000,2018,0,FALSE,NA,NA
332668,ROMANCING THE STONE INC,2018-12-06,S24693,07714D,464,Long-Term,9000,2018,0,FALSE,NA,NA
325916,TELLURIDE STONE COMPANY,2018-09-26,S22510,03291E,422,Long-Term,9000,2018,46.1,FALSE,NA,NA
325913,TELLURIDE STONE COMPANY,2018-09-26,S22508,03461E,390,Long-Term,9000,2018,93.9,FALSE,NA,NA
325911,TELLURIDE STONE COMPANY,2018-09-26,S22507,03553E,426,Long-Term,9000,2018,128,FALSE,NA,NA
325915,TELLURIDE STONE COMPANY,2018-09-26,S22509,03542E,415,Long-Term,9000,2018,0,FALSE,NA,NA
325909,TELLURIDE STONE COMPANY,2018-09-26,S22506,03637E,410,Long-Term,9000,2018,228,FALSE,NA,NA
325676,RIVER GRANITE COMPANY,2018-09-20,S22393,02855D,300,Medium-Term,9000,2018,274,FALSE,NA,NA
325676,RIVER GRANITE COMPANY,2018-09-20,S22392,02839D,137,Medium-Term,9000,2018,0,FALSE,NA,NA
325669,RIVER GRANITE COMPANY,2018-09-20,S22391,03283D,295,Medium-Term,9000,2018,947,FALSE,NA,NA
325669,RIVER GRANITE COMPANY,2018-09-20,S22390,02832D,145,Medium-Term,9000,2018,0,FALSE,NA,NA
325665,RIVER GRANITE COMPANY,2018-09-20,S22389,03294D,300,Medium-Term,9000,2018,993,FALSE,NA,NA
325665,RIVER GRANITE COMPANY,2018-09-20,S22388,03305D,145,Medium-Term,9000,2018,227,FALSE,NA,NA
325663,RIVER GRANITE COMPANY,2018-09-20,S22386,03289D,146,Medium-Term,9000,2018,195,FALSE,NA,NA
325663,RIVER GRANITE COMPANY,2018-09-20,S22387,02857D,295,Medium-Term,9000,2018,948,FALSE,NA,NA
324996,WICHITA GRANITE AND CABINETRY INC,2018-09-18,S22148,02265E,239,Medium-Term,9000,2018,0,FALSE,NA,NA
324996,WICHITA GRANITE AND CABINETRY INC,2018-09-18,S22147,02024E,184,Medium-Term,9000,2018,0,FALSE,NA,NA
324995,WICHITA GRANITE AND CABINETRY INC,2018-09-18,S22146,02039E,240,Medium-Term,9000,2018,0,FALSE,NA,NA
324995,WICHITA GRANITE AND CABINETRY INC,2018-09-18,S22145,02023E,188,Medium-Term,9000,2018,0,FALSE,NA,NA
324470,OASIS MARBLE AND GRANITE INC,2018-09-05,S22043,04791C,300,Medium-Term,9000,2018,0,FALSE,NA,NA
324469,OASIS MARBLE AND GRANITE INC,2018-09-05,S22042,04815C,129,Medium-Term,9000,2018,0,FALSE,NA,NA
323545,GRANITE MASTERS INC,2018-08-23,S21487,4633A,511,Long-Term,9000,2018,147,FALSE,NA,NA
323590,GRANITE MASTERS INC,2018-08-23,S21488,03789E,514,Long-Term,9000,2018,1470,FALSE,NA,NA
323592,GRANITE MASTERS INC,2018-08-23,S21489,07194D,500,Long-Term,9000,2018,1620,FALSE,NA,NA
323593,GRANITE MASTERS INC,2018-08-23,S21490,07081D,514,Long-Term,9000,2018,241,FALSE,NA,NA
323598,USDOL OSHAATLANTA EAST,2018-08-23,S21486,06419C,530,Long-Term,9000,2018,0,FALSE,NA,NA
322048,ALMEIDA MARBLE AND GRANITE LLC,2018-08-02,S20935,07459C,162,Medium-Term,9000,2018,116,FALSE,NA,NA
322055,ALMEIDA MARBLE AND GRANITE LLC,2018-08-02,S20933,03651E,178,Medium-Term,9000,2018,0,FALSE,NA,NA
322055,ALMEIDA MARBLE AND GRANITE LLC,2018-08-02,S20932,03647E,278,Medium-Term,9000,2018,0,FALSE,NA,NA
322048,ALMEIDA MARBLE AND GRANITE LLC,2018-08-02,S20934,07683C,268,Medium-Term,9000,2018,107,FALSE,NA,NA
322046,ALMEIDA MARBLE AND GRANITE LLC,2018-08-02,S20936,03659E,268,Medium-Term,9000,2018,0,FALSE,NA,NA
322046,ALMEIDA MARBLE AND GRANITE LLC,2018-08-02,S20937,03644E,164,Medium-Term,9000,2018,0,FALSE,NA,NA
319454,COMPLETE STONE WORK LLC,2018-07-02,S19960,01127C,480,Long-Term,9000,2018,0,FALSE,NA,NA
319457,COMPLETE STONE WORK LLC,2018-07-02,S19961,01175C,480,Long-Term,9000,2018,0,FALSE,NA,NA
319477,USDOL OSHA MOBILE,2018-07-02,S19959,08821E,480,Long-Term,9000,2018,0,FALSE,NA,NA
317642,CARRERA HOME SERVICES INC,2018-06-21,S19740,02034E,477,Long-Term,9000,2018,0,FALSE,NA,NA
317644,CARRERA HOME SERVICES INC,2018-06-21,S19741,07915E,482,Long-Term,9000,2018,13,FALSE,NA,NA
317641,CARRERA HOME SERVICES INC,2018-06-21,S19739,07919E,476,Long-Term,9000,2018,0,FALSE,NA,NA
317646,CARRERA HOME SERVICES INC,2018-06-21,S19742,07659E,482,Long-Term,9000,2018,21.9,FALSE,NA,NA
315689,ALL GRANITE AND MARBLE CORP,2018-06-11,S19259,04542E,458,Long-Term,9000,2018,0,FALSE,NA,NA
315692,ALL GRANITE AND MARBLE CORP,2018-06-11,S19260,2218A,454,Long-Term,9000,2018,0,FALSE,NA,NA
309335,MIDWEST ROCK TOPS LLC,2018-05-03,S17975,06124E,396,Long-Term,9000,2018,37.5,FALSE,NA,NA
309333,MIDWEST ROCK TOPS LLC,2018-05-03,S17974,05868E,409,Long-Term,9000,2018,69.9,FALSE,NA,NA
309337,MIDWEST ROCK TOPS LLC,2018-05-03,S17976,05904C,83,Short-Term,9000,2018,101,FALSE,NA,NA
309331,MIDWEST ROCK TOPS LLC,2018-05-03,S17973,05933C,403,Long-Term,9000,2018,109,FALSE,NA,NA
309446,WALLSTONE LLC,2018-04-26,S17956,05174E,460,Long-Term,9000,2018,22.5,FALSE,NA,NA
309445,WALLSTONE LLC,2018-04-26,S17955,05086E,480,Long-Term,9000,2018,31.9,FALSE,NA,NA
306811,CLASSIC STONE COMPANY,2018-03-28,S17129,8645A,484,Long-Term,9000,2018,25.6,FALSE,NA,NA
306809,CLASSIC STONE COMPANY,2018-03-28,S17128,8655A,486,Long-Term,9000,2018,0,FALSE,NA,NA
306808,CLASSIC STONE COMPANY,2018-03-28,S17127,8652A,485,Long-Term,9000,2018,278,FALSE,NA,NA
306813,CLASSIC STONE COMPANY,2018-03-28,S17126,8543A,482,Long-Term,9000,2018,0,FALSE,NA,NA
306812,CLASSIC STONE COMPANY,2018-03-28,S17130,8559A,485,Long-Term,9000,2018,0,FALSE,NA,NA
287069,JONES STONE AND MARBLE INC,2017-12-13,S12517,03015E,387,Long-Term,9000,2017,290,FALSE,NA,NA
287071,JONES STONE AND MARBLE INC,2017-12-13,S12518,02835E,387,Long-Term,9000,2017,162,FALSE,NA,NA
285093,KEPHACO CORPORATION,2017-11-21,S11897,02800E,123,Medium-Term,9000,2017,0,FALSE,NA,NA
285091,KEPHACO CORPORATION,2017-11-21,S11901,02968E,236,Medium-Term,9000,2017,0,FALSE,NA,NA
285091,KEPHACO CORPORATION,2017-11-21,S11900,04500C,218,Medium-Term,9000,2017,0,FALSE,NA,NA
285088,KEPHACO CORPORATION,2017-11-21,S11903,02821E,100,Short-Term,9000,2017,0,FALSE,NA,NA
285088,KEPHACO CORPORATION,2017-11-21,S11902,04690C,304,Medium-Term,9000,2017,0,FALSE,NA,NA
285092,KEPHACO CORPORATION,2017-11-21,S11899,04302C,161,Medium-Term,9000,2017,0,FALSE,NA,NA
285074,KEPHACO CORPORATION,2017-11-21,S11907,05039C,133,Medium-Term,9000,2017,0,FALSE,NA,NA
285074,KEPHACO CORPORATION,2017-11-21,S11906,06512E,313,Medium-Term,9000,2017,0,FALSE,NA,NA
285093,KEPHACO CORPORATION,2017-11-21,S11896,02828E,297,Medium-Term,9000,2017,0,FALSE,NA,NA
285084,KEPHACO CORPORATION,2017-11-21,S11905,02802E,114,Short-Term,9000,2017,0,FALSE,NA,NA
285084,KEPHACO CORPORATION,2017-11-21,S11904,05013C,306,Medium-Term,9000,2017,0,FALSE,NA,NA
285092,KEPHACO CORPORATION,2017-11-21,S11898,04279C,273,Medium-Term,9000,2017,0,FALSE,NA,NA
282476,HALQUIST STONE COMPANY INC,2017-10-24,S10741,06351E,421,Long-Term,9000,2017,0,FALSE,NA,NA
281772,L A STONE AND KITCHENS LLC,2017-10-16,S10515,05606E,120,Short-Term,9000,2017,49,FALSE,NA,NA
281476,RID STONE INC,2017-10-11,S10377,02731E,444,Long-Term,9000,2017,0,FALSE,NA,NA
281474,RID STONE INC,2017-10-11,S10379,02324E,437,Long-Term,9000,2017,0,FALSE,NA,NA
281477,RID STONE INC,2017-10-11,S10378,02653E,404,Long-Term,9000,2017,18.5,FALSE,NA,NA
279415,HALQUIST STONE COMPANY INC,2017-09-14,S09589,01566E,490,Long-Term,9000,2017,0,FALSE,NA,NA
279412,HALQUIST STONE COMPANY INC,2017-09-14,S09588,01528E,477,Long-Term,9000,2017,0,FALSE,NA,NA
279417,HALQUIST STONE COMPANY INC,2017-09-14,S09590,00195E,131,Medium-Term,9000,2017,86.8,FALSE,NA,NA
279417,HALQUIST STONE COMPANY INC,2017-09-14,S09591,00464E,185,Medium-Term,9000,2017,95,FALSE,NA,NA
278779,NJ MARBLE AND GRANITE LLC,2017-09-05,S09350,05936C,75,Short-Term,9000,2017,0,FALSE,NA,NA
278779,NJ MARBLE AND GRANITE LLC,2017-09-05,S09349,05733C,268,Medium-Term,9000,2017,64.4,FALSE,NA,NA
278785,NJ MARBLE AND GRANITE LLC,2017-09-05,S09351,05706C,268,Medium-Term,9000,2017,291,FALSE,NA,NA
278785,NJ MARBLE AND GRANITE LLC,2017-09-05,S09352,05735C,75,Short-Term,9000,2017,0,FALSE,NA,NA
278235,GREVAN ARTISTIC VENTURES INC,2017-08-23,S09227,04691E,372,Long-Term,9000,2017,350,FALSE,NA,NA
278238,GREVAN ARTISTIC VENTURES INC,2017-08-23,S09228,04721E,388,Long-Term,9000,2017,198,FALSE,NA,NA
278232,GREVAN ARTISTIC VENTURES INC,2017-08-23,S09226,05262E,390,Long-Term,9000,2017,290,FALSE,NA,NA
278231,GREVAN ARTISTIC VENTURES INC,2017-08-23,S09225,9020A,322,Medium-Term,9000,2017,746,FALSE,NA,NA
277652,DANYS HOME REMODELING INC,2017-08-18,S09146,04409E,145,Medium-Term,9000,2017,0,FALSE,NA,NA
277654,DANYS HOME REMODELING INC,2017-08-18,S09148,04392E,164,Medium-Term,9000,2017,0,FALSE,NA,NA
277652,DANYS HOME REMODELING INC,2017-08-18,S09145,04386E,187,Medium-Term,9000,2017,36.8,FALSE,NA,NA
277654,DANYS HOME REMODELING INC,2017-08-18,S09149,04285E,148,Medium-Term,9000,2017,0,FALSE,NA,NA
325911,TELLURIDE STONE COMPANY,2018-09-26,S22507,03553E,426,Long-Term,9010_9130,2018,126.4,FALSE,Personal,N
325913,TELLURIDE STONE COMPANY,2018-09-26,S22508,03461E,390,Long-Term,9010_9130,2018,93.08999999999999,FALSE,Personal,N
325915,TELLURIDE STONE COMPANY,2018-09-26,S22509,03542E,415,Long-Term,9010_9130,2018,0,FALSE,Personal,N
325916,TELLURIDE STONE COMPANY,2018-09-26,S22510,03291E,422,Long-Term,9010_9130,2018,46.44,FALSE,Personal,N
325909,TELLURIDE STONE COMPANY,2018-09-26,S22506,03637E,410,Long-Term,9010_9130,2018,227.62,FALSE,Personal,N
325676,RIVER GRANITE COMPANY,2018-09-20,S22392,02839D,137,Medium-Term,9010_9130,2018,0,FALSE,Personal,Y
325669,RIVER GRANITE COMPANY,2018-09-20,S22391,03283D,295,Medium-Term,9010_9130,2018,931.26,FALSE,Personal,Y
325669,RIVER GRANITE COMPANY,2018-09-20,S22390,02832D,145,Medium-Term,9010_9130,2018,0,FALSE,Personal,Y
325665,RIVER GRANITE COMPANY,2018-09-20,S22389,03294D,300,Medium-Term,9010_9130,2018,974.51,FALSE,Personal,Y
325676,RIVER GRANITE COMPANY,2018-09-20,S22393,02855D,300,Medium-Term,9010_9130,2018,268.8,FALSE,Personal,Y
325663,RIVER GRANITE COMPANY,2018-09-20,S22386,03289D,146,Medium-Term,9010_9130,2018,197.19,FALSE,Personal,Y
325665,RIVER GRANITE COMPANY,2018-09-20,S22388,03305D,145,Medium-Term,9010_9130,2018,232.2,FALSE,Personal,Y
325663,RIVER GRANITE COMPANY,2018-09-20,S22387,02857D,295,Medium-Term,9010_9130,2018,950.62,FALSE,Personal,Y
324995,WICHITA GRANITE AND CABINETRY INC,2018-09-18,S22146,02039E,240,Medium-Term,9010_9130,2018,0,FALSE,Personal,N
324996,WICHITA GRANITE AND CABINETRY INC,2018-09-18,S22147,02024E,184,Medium-Term,9010_9130,2018,0,FALSE,Personal,N
324996,WICHITA GRANITE AND CABINETRY INC,2018-09-18,S22148,02265E,239,Medium-Term,9010_9130,2018,0,FALSE,Personal,N
324995,WICHITA GRANITE AND CABINETRY INC,2018-09-18,S22145,02023E,188,Medium-Term,9010_9130,2018,0,FALSE,Personal,N
324470,OASIS MARBLE AND GRANITE INC,2018-09-05,S22043,04791C,300,Medium-Term,9010_9130,2018,0,FALSE,Personal,N
324469,OASIS MARBLE AND GRANITE INC,2018-09-05,S22042,04815C,129,Medium-Term,9010_9130,2018,0,FALSE,Personal,N
323593,GRANITE MASTERS INC,2018-08-23,S21490,07081D,514,Long-Term,9010_9130,2018,239.36,FALSE,Personal,N
323592,GRANITE MASTERS INC,2018-08-23,S21489,07194D,500,Long-Term,9010_9130,2018,1631.3600000000001,FALSE,Personal,N
323545,GRANITE MASTERS INC,2018-08-23,S21487,4633A,511,Long-Term,9010_9130,2018,144.75,FALSE,Personal,N
323590,GRANITE MASTERS INC,2018-08-23,S21488,03789E,514,Long-Term,9010_9130,2018,1441.8,FALSE,Personal,N
323598,USDOL OSHAATLANTA EAST,2018-08-23,S21486,06419C,530,Long-Term,9010_9130,2018,0,FALSE,Personal,N
322055,ALMEIDA MARBLE AND GRANITE LLC,2018-08-02,S20933,03651E,178,Medium-Term,9010_9130,2018,0,FALSE,Personal,N
322055,ALMEIDA MARBLE AND GRANITE LLC,2018-08-02,S20932,03647E,278,Medium-Term,9010_9130,2018,0,FALSE,Personal,N
322048,ALMEIDA MARBLE AND GRANITE LLC,2018-08-02,S20935,07459C,162,Medium-Term,9010_9130,2018,115.25,FALSE,Personal,N
322048,ALMEIDA MARBLE AND GRANITE LLC,2018-08-02,S20934,07683C,268,Medium-Term,9010_9130,2018,109.65,FALSE,Personal,N
322046,ALMEIDA MARBLE AND GRANITE LLC,2018-08-02,S20937,03644E,164,Medium-Term,9010_9130,2018,0,FALSE,Personal,N
322046,ALMEIDA MARBLE AND GRANITE LLC,2018-08-02,S20936,03659E,268,Medium-Term,9010_9130,2018,0,FALSE,Personal,N
319477,USDOL OSHA MOBILE,2018-07-02,S19959,08821E,480,Long-Term,9010_9130,2018,0,FALSE,Personal,N
319454,COMPLETE STONE WORK LLC,2018-07-02,S19960,01127C,480,Long-Term,9010_9130,2018,0,FALSE,Personal,N
319457,COMPLETE STONE WORK LLC,2018-07-02,S19961,01175C,480,Long-Term,9010_9130,2018,0,FALSE,Personal,N
317646,CARRERA HOME SERVICES INC,2018-06-21,S19742,07659E,482,Long-Term,9010_9130,2018,21.945,FALSE,Personal,N
317644,CARRERA HOME SERVICES INC,2018-06-21,S19741,07915E,482,Long-Term,9010_9130,2018,13.2,FALSE,Personal,N
317642,CARRERA HOME SERVICES INC,2018-06-21,S19740,02034E,477,Long-Term,9010_9130,2018,0,FALSE,Personal,N
317641,CARRERA HOME SERVICES INC,2018-06-21,S19739,07919E,476,Long-Term,9010_9130,2018,0,FALSE,Personal,N
315689,ALL GRANITE AND MARBLE CORP,2018-06-11,S19259,04542E,458,Long-Term,9010_9130,2018,0,FALSE,Personal,Y
315692,ALL GRANITE AND MARBLE CORP,2018-06-11,S19260,2218A,454,Long-Term,9010_9130,2018,0,FALSE,Personal,Y
309333,MIDWEST ROCK TOPS LLC,2018-05-03,S17974,05868E,409,Long-Term,9010_9130,2018,69.54,FALSE,Personal,N
309335,MIDWEST ROCK TOPS LLC,2018-05-03,S17975,06124E,396,Long-Term,9010_9130,2018,38.4,FALSE,Personal,N
309337,MIDWEST ROCK TOPS LLC,2018-05-03,S17976,05904C,83,Short-Term,9010_9130,2018,101.4,FALSE,Personal,N
309331,MIDWEST ROCK TOPS LLC,2018-05-03,S17973,05933C,403,Long-Term,9010_9130,2018,111.04,FALSE,Personal,N
309446,WALLSTONE LLC,2018-04-26,S17956,05174E,460,Long-Term,9010_9130,2018,22.400000000000002,FALSE,Personal,N
309445,WALLSTONE LLC,2018-04-26,S17955,05086E,480,Long-Term,9010_9130,2018,31.51,FALSE,Personal,N
306812,CLASSIC STONE COMPANY,2018-03-28,S17130,8559A,485,Long-Term,9010_9130,2018,0,FALSE,Personal,Y
306813,CLASSIC STONE COMPANY,2018-03-28,S17126,8543A,482,Long-Term,9010_9130,2018,0,FALSE,Personal,Y
306811,CLASSIC STONE COMPANY,2018-03-28,S17129,8645A,484,Long-Term,9010_9130,2018,25.220000000000002,FALSE,Personal,Y
306809,CLASSIC STONE COMPANY,2018-03-28,S17128,8655A,486,Long-Term,9010_9130,2018,0,FALSE,Personal,Y
306808,CLASSIC STONE COMPANY,2018-03-28,S17127,8652A,485,Long-Term,9010_9130,2018,280.72,FALSE,Personal,Y
287069,JONES STONE AND MARBLE INC,2017-12-13,S12517,03015E,387,Long-Term,9010_9130,2017,295.64,FALSE,Personal,N
287071,JONES STONE AND MARBLE INC,2017-12-13,S12518,02835E,387,Long-Term,9010_9130,2017,164.64,FALSE,Personal,N
285092,KEPHACO CORPORATION,2017-11-21,S11899,04302C,161,Medium-Term,9010_9130,2017,0,FALSE,Personal,N
285093,KEPHACO CORPORATION,2017-11-21,S11896,02828E,297,Medium-Term,9010_9130,2017,0,FALSE,Personal,N
285093,KEPHACO CORPORATION,2017-11-21,S11897,02800E,123,Medium-Term,9010_9130,2017,0,FALSE,Personal,N
285074,KEPHACO CORPORATION,2017-11-21,S11906,06512E,313,Medium-Term,9010_9130,2017,0,FALSE,Personal,N
285074,KEPHACO CORPORATION,2017-11-21,S11907,05039C,133,Medium-Term,9010_9130,2017,0,FALSE,Personal,N
285091,KEPHACO CORPORATION,2017-11-21,S11900,04500C,218,Medium-Term,9010_9130,2017,0,FALSE,Personal,N
285092,KEPHACO CORPORATION,2017-11-21,S11898,04279C,273,Medium-Term,9010_9130,2017,0,FALSE,Personal,N
285084,KEPHACO CORPORATION,2017-11-21,S11904,05013C,306,Medium-Term,9010_9130,2017,0,FALSE,Personal,N
285084,KEPHACO CORPORATION,2017-11-21,S11905,02802E,114,Short-Term,9010_9130,2017,0,FALSE,Personal,N
285088,KEPHACO CORPORATION,2017-11-21,S11902,04690C,304,Medium-Term,9010_9130,2017,0,FALSE,Personal,N
285088,KEPHACO CORPORATION,2017-11-21,S11903,02821E,100,Short-Term,9010_9130,2017,0,FALSE,Personal,N
285091,KEPHACO CORPORATION,2017-11-21,S11901,02968E,236,Medium-Term,9010_9130,2017,0,FALSE,Personal,N
282476,HALQUIST STONE COMPANY INC,2017-10-24,S10741,06351E,421,Long-Term,9010_9130,2017,0,FALSE,Personal,N
281772,L A STONE AND KITCHENS LLC,2017-10-16,S10515,05606E,120,Short-Term,9010_9130,2017,49.056,FALSE,Personal,N
281474,RID STONE INC,2017-10-11,S10379,02324E,437,Long-Term,9010_9130,2017,0,FALSE,Personal,N
281476,RID STONE INC,2017-10-11,S10377,02731E,444,Long-Term,9010_9130,2017,0,FALSE,Personal,N
281477,RID STONE INC,2017-10-11,S10378,02653E,404,Long-Term,9010_9130,2017,18.45,FALSE,Personal,N
279417,HALQUIST STONE COMPANY INC,2017-09-14,S09590,00195E,131,Medium-Term,9010_9130,2017,87.022,FALSE,Personal,N
279417,HALQUIST STONE COMPANY INC,2017-09-14,S09591,00464E,185,Medium-Term,9010_9130,2017,94.643,FALSE,Personal,N
279412,HALQUIST STONE COMPANY INC,2017-09-14,S09588,01528E,477,Long-Term,9010_9130,2017,0,FALSE,Personal,N
279415,HALQUIST STONE COMPANY INC,2017-09-14,S09589,01566E,490,Long-Term,9010_9130,2017,0,FALSE,Personal,N
278779,NJ MARBLE AND GRANITE LLC,2017-09-05,S09349,05733C,268,Medium-Term,9010_9130,2017,63.449999999999996,FALSE,Personal,N
278779,NJ MARBLE AND GRANITE LLC,2017-09-05,S09350,05936C,75,Short-Term,9010_9130,2017,0,FALSE,Personal,N
278785,NJ MARBLE AND GRANITE LLC,2017-09-05,S09351,05706C,268,Medium-Term,9010_9130,2017,289.59,FALSE,Personal,N
278785,NJ MARBLE AND GRANITE LLC,2017-09-05,S09352,05735C,75,Short-Term,9010_9130,2017,0,FALSE,Personal,N
278238,GREVAN ARTISTIC VENTURES INC,2017-08-23,S09228,04721E,388,Long-Term,9010_9130,2017,198.74599999999998,FALSE,Personal,N
278235,GREVAN ARTISTIC VENTURES INC,2017-08-23,S09227,04691E,372,Long-Term,9010_9130,2017,342.43,FALSE,Personal,N
278232,GREVAN ARTISTIC VENTURES INC,2017-08-23,S09226,05262E,390,Long-Term,9010_9130,2017,289.71,FALSE,Personal,N
278231,GREVAN ARTISTIC VENTURES INC,2017-08-23,S09225,9020A,322,Medium-Term,9010_9130,2017,742.272,FALSE,Personal,N
277763,LIVING STONE CREATIONS INC,2017-08-22,S08702,04687C,167,Medium-Term,9010_9130,2017,152.24,FALSE,Personal,N
277763,LIVING STONE CREATIONS INC,2017-08-22,S08703,04656C,120,Short-Term,9010_9130,2017,76.55999999999999,FALSE,Personal,N
277775,USDOL OSHA,2017-08-22,S08701,04329C,270,Medium-Term,9010_9130,2017,0,FALSE,Personal,N
277764,LIVING STONE CREATIONS INC,2017-08-22,S08705,04628C,155,Medium-Term,9010_9130,2017,0,FALSE,Personal,N
277764,LIVING STONE CREATIONS INC,2017-08-22,S08704,04363C,180,Medium-Term,9010_9130,2017,42.79,FALSE,Personal,N
277654,DANYS HOME REMODELING INC,2017-08-18,S09148,04392E,164,Medium-Term,9010_9130,2017,0,FALSE,Personal,N
277652,DANYS HOME REMODELING INC,2017-08-18,S09146,04409E,145,Medium-Term,9010_9130,2017,0,FALSE,Personal,N
277652,DANYS HOME REMODELING INC,2017-08-18,S09145,04386E,187,Medium-Term,9010_9130,2017,37.230000000000004,FALSE,Personal,N
277654,DANYS HOME REMODELING INC,2017-08-18,S09149,04285E,148,Medium-Term,9010_9130,2017,0,FALSE,Personal,N
276816,MARSHWOOD MANUFACTURING INC,2017-08-08,S08258,05758E,176,Medium-Term,9010_9130,2017,61.32,FALSE,Personal,Y
276816,MARSHWOOD MANUFACTURING INC,2017-08-08,S08257,05745E,271,Medium-Term,9010_9130,2017,43.68,FALSE,Personal,Y
276815,MARSHWOOD MANUFACTURING INC,2017-08-08,S08254,05762E,163,Medium-Term,9010_9130,2017,0,FALSE,Personal,Y
276815,MARSHWOOD MANUFACTURING INC,2017-08-08,S08253,05633E,240,Medium-Term,9010_9130,2017,43.42,FALSE,Personal,Y
276812,MARSHWOOD MANUFACTURING INC,2017-08-08,S08256,05732E,168,Medium-Term,9010_9130,2017,58.4,FALSE,Personal,Y
276812,MARSHWOOD MANUFACTURING INC,2017-08-08,S08255,05612E,287,Medium-Term,9010_9130,2017,28.93,FALSE,Personal,Y
276647,CAMARA SLATE PRODUCTS INC,2017-08-03,S08362,7503A,197,Medium-Term,9010_9130,2017,107.25,FALSE,Personal,N
276647,CAMARA SLATE PRODUCTS INC,2017-08-03,S08361,7049A,277,Medium-Term,9010_9130,2017,71.4,FALSE,Personal,N
276645,CAMARA SLATE PRODUCTS INC,2017-08-03,S08360,7173A,195,Medium-Term,9010_9130,2017,59.50000000000001,FALSE,Personal,N
276645,CAMARA SLATE PRODUCTS INC,2017-08-03,S08359,6966A,278,Medium-Term,9010_9130,2017,50.800000000000004,FALSE,Personal,N
275945,HERITAGE TILE MARBLE AND GRANITE INC,2017-07-27,S07818,06204E,336,Medium-Term,9010_9130,2017,0,FALSE,Personal,N
275950,HERITAGE TILE MARBLE AND GRANITE INC,2017-07-27,S07819,06178E,330,Medium-Term,9010_9130,2017,0,FALSE,Personal,N
275027,FREEWAY MARBLE AND GRANITE,2017-07-14,S07176,05851E,377,Long-Term,9010_9130,2017,0,FALSE,Personal,N
275030,FREEWAY MARBLE AND GRANITE,2017-07-14,S07177,04359E,222,Medium-Term,9010_9130,2017,0,FALSE,Personal,N
275032,FREEWAY MARBLE AND GRANITE,2017-07-14,S07178,06008E,435,Long-Term,9010_9130,2017,111.14999999999999,FALSE,Personal,N
275033,FREEWAY MARBLE AND GRANITE,2017-07-14,S07179,05961E,438,Long-Term,9010_9130,2017,26.5,FALSE,Personal,N
274627,DRB STONE,2017-07-11,S06898,06595E,430,Long-Term,9010_9130,2017,48.96,FALSE,Personal,N
275127,AMERICAN STONE AND SUPPLY INC,2017-06-30,S07324,09047E,315,Medium-Term,9010_9130,2017,0,FALSE,Personal,N
275129,AMERICAN STONE AND SUPPLY INC,2017-06-30,S07326,08850E,315,Medium-Term,9010_9130,2017,0,FALSE,Personal,N
274092,QUARTZ RIGHT LLC,2017-06-28,S06674,06611E,257,Medium-Term,9010_9130,2017,0,FALSE,Personal,N
274090,QUARTZ RIGHT LLC,2017-06-28,S06675,06455E,250,Medium-Term,9010_9130,2017,0,FALSE,Personal,N
272854,STONEWORKS OF COLORADO LLC,2017-06-15,S06239,05382C,137,Medium-Term,9010_9130,2017,158.26,FALSE,Personal,N
272856,STONEWORKS OF COLORADO LLC,2017-06-15,S06244,05399C,401,Long-Term,9010_9130,2017,107.7,FALSE,Personal,N
272855,STONEWORKS OF COLORADO LLC,2017-06-15,S06242,07952D,135,Medium-Term,9010_9130,2017,223.74,FALSE,Personal,N
272855,STONEWORKS OF COLORADO LLC,2017-06-15,S06241,07926D,270,Medium-Term,9010_9130,2017,84.32000000000001,FALSE,Personal,N
272356,GLACIER STONE SUPPLY LLC,2017-06-07,S05897,00297E,475,Long-Term,9010_9130,2017,151.05,FALSE,Personal,N
272355,GLACIER STONE SUPPLY LLC,2017-06-07,S05896,00491E,475,Long-Term,9010_9130,2017,219.45,FALSE,Personal,N
272354,GLACIER STONE SUPPLY LLC,2017-06-07,S05895,00419E,475,Long-Term,9010_9130,2017,133.64399999999998,FALSE,Personal,N
271666,TOPS IN GRANITE INC,2017-05-31,S05574,08022E,480,Long-Term,9010_9130,2017,69.3,FALSE,Personal,N
271665,TOPS IN GRANITE INC,2017-05-31,S05573,08049E,480,Long-Term,9010_9130,2017,108.14999999999999,FALSE,Personal,N
247750,ELDORALDO STONE LLC,2017-05-25,S05640,04270C,454,Long-Term,9010_9130,2017,0,FALSE,Personal,Y
247766,ELDORALDO STONE LLC,2017-05-25,S05643,04062C,527,Long-Term,9010_9130,2017,0,FALSE,Personal,Y
247756,ELDORALDO STONE LLC,2017-05-25,S05637,07684C,452,Long-Term,9010_9130,2017,0,FALSE,Personal,Y
247769,ELDORALDO STONE LLC,2017-05-25,S05635,07943C,450,Long-Term,9010_9130,2017,0,FALSE,Personal,Y
247973,ELDORALDO STONE LLC,2017-05-25,S05636,07994C,406,Long-Term,9010_9130,2017,0,FALSE,Personal,Y
247745,ELDORALDO STONE LLC,2017-05-25,S05638,04245C,470,Long-Term,9010_9130,2017,0,FALSE,Personal,Y
247747,ELDORALDO STONE LLC,2017-05-25,S05641,07686C,480,Long-Term,9010_9130,2017,13.548,FALSE,Personal,Y
247753,ELDORALDO STONE LLC,2017-05-25,S05639,07985C,433,Long-Term,9010_9130,2017,18.434,FALSE,Personal,Y
271315,RIO STONE PRODUCTS INC,2017-05-24,S05306,05404C,210,Medium-Term,9010_9130,2017,45.080000000000005,FALSE,Personal,N
271307,RIO STONE PRODUCTS INC,2017-05-24,S05299,05241C,241,Medium-Term,9010_9130,2017,42.12,FALSE,Personal,N
271307,RIO STONE PRODUCTS INC,2017-05-24,S05300,05607C,211,Medium-Term,9010_9130,2017,46.08,FALSE,Personal,N
271311,RIO STONE PRODUCTS INC,2017-05-24,S05301,05511C,237,Medium-Term,9010_9130,2017,78.89,FALSE,Personal,N
271311,RIO STONE PRODUCTS INC,2017-05-24,S05302,05546C,209,Medium-Term,9010_9130,2017,82.35,FALSE,Personal,N
271313,RIO STONE PRODUCTS INC,2017-05-24,S05303,05185C,237,Medium-Term,9010_9130,2017,66.64,FALSE,Personal,N
271313,RIO STONE PRODUCTS INC,2017-05-24,S05304,05487C,208,Medium-Term,9010_9130,2017,45.98,FALSE,Personal,N
271315,RIO STONE PRODUCTS INC,2017-05-24,S05305,05491C,232,Medium-Term,9010_9130,2017,0,FALSE,Personal,N
270910,GRANITE PALACE TOPS,2017-05-18,S05141,04601C,382,Long-Term,9010_9130,2017,36,FALSE,Personal,N
270916,GRANITE PALACE TOPS,2017-05-18,S05142,07995C,332,Medium-Term,9010_9130,2017,0,FALSE,Personal,N
270568,INTERIOR SPECIALISTS INC,2017-05-11,S04947,04362E,479,Long-Term,9010_9130,2017,24.36,FALSE,Personal,N
270569,INTERIOR SPECIALISTS INC,2017-05-11,S04948,07149C,465,Long-Term,9010_9130,2017,48.25,FALSE,Personal,N
270570,INTERIOR SPECIALISTS INC,2017-05-11,S04949,04421E,475,Long-Term,9010_9130,2017,27.94,FALSE,Personal,N
270572,INTERIOR SPECIALISTS INC,2017-05-11,S04951,07228C,467,Long-Term,9010_9130,2017,36.58,FALSE,Personal,N
270571,INTERIOR SPECIALISTS INC,2017-05-11,S04950,04339E,458,Long-Term,9010_9130,2017,74.16,FALSE,Personal,N
270227,EBEN EZER MARBLE AND GRANITE,2017-05-11,S04935,06367D,358,Medium-Term,9010_9130,2017,290.46999999999997,FALSE,Personal,N
270229,EBEN EZER MARBLE AND GRANITE,2017-05-11,S04936,06338D,361,Long-Term,9010_9130,2017,0,FALSE,Personal,N
269603,KITCHEN BATH FLOORS AND MORE INC,2017-05-04,S04442,00895C,22,Task-Based,9010_9130,2017,969.2,FALSE,Personal,N
269502,SILVERMINE STONE COMPANY,2017-05-04,S04447,05995E,455,Long-Term,9010_9130,2017,0,FALSE,Personal,N
269499,SILVERMINE STONE COMPANY,2017-05-04,S04445,05833E,448,Long-Term,9010_9130,2017,0,FALSE,Personal,N
269501,SILVERMINE STONE COMPANY,2017-05-04,S04446,06025E,431,Long-Term,9010_9130,2017,0,FALSE,Personal,N
269245,THE GRANITE AND MARBLE DEPOT INC,2017-05-01,S04260,05872E,344,Medium-Term,9010_9130,2017,64.48,FALSE,Personal,N
269246,THE GRANITE AND MARBLE DEPOT INC,2017-05-01,S04259,06126E,340,Medium-Term,9010_9130,2017,42.79,FALSE,Personal,N
269244,THE GRANITE AND MARBLE DEPOT INC,2017-05-01,S04261,05918E,342,Medium-Term,9010_9130,2017,34.85,FALSE,Personal,N
268865,E D H CORP,2017-04-27,S04032,01542E,48,Short-Term,9010_9130,2017,670.56,FALSE,Personal,N
268978,ABSOLUTE SURFACES LLC,2017-04-27,S04053,05078E,213,Medium-Term,9010_9130,2017,80.00999999999999,FALSE,Personal,N
268978,ABSOLUTE SURFACES LLC,2017-04-27,S04054,04821E,30,Task-Based,9010_9130,2017,0,FALSE,Personal,N
268979,ABSOLUTE SURFACES LLC,2017-04-27,S04055,05147E,212,Medium-Term,9010_9130,2017,67.16,FALSE,Personal,N
268867,E D H CORP,2017-04-27,S04033,01694E,50,Short-Term,9010_9130,2017,0,FALSE,Personal,N
268979,ABSOLUTE SURFACES LLC,2017-04-27,S04056,05263E,30,Task-Based,9010_9130,2017,0,FALSE,Personal,N
268862,STONETEK IMPORTS INC,2017-04-21,S04047,07798C,277,Medium-Term,9010_9130,2017,109.2,FALSE,Personal,N
268863,STONETEK IMPORTS INC,2017-04-21,S04046,07763C,240,Medium-Term,9010_9130,2017,138.6,FALSE,Personal,N
268497,SOUTHWEST MARBLE AND GRANITE WORKS,2017-04-20,S03829,3939A,460,Long-Term,9010_9130,2017,50,FALSE,Personal,N
268493,SOUTHWEST MARBLE AND GRANITE WORKS,2017-04-20,S03830,3930A,460,Long-Term,9010_9130,2017,52.2,FALSE,Personal,N
267828,LAFAYETTE MARBLE AND GRANITE INC,2017-04-12,S03809,00211E,224,Medium-Term,9010_9130,2017,0,FALSE,Personal,Y
267833,LAFAYETTE MARBLE AND GRANITE INC,2017-04-12,S03810,00332E,225,Medium-Term,9010_9130,2017,54.717,FALSE,Personal,Y
267838,LAFAYETTE MARBLE AND GRANITE INC,2017-04-12,S03808,00354E,187,Medium-Term,9010_9130,2017,0,FALSE,Personal,Y
266515,DIAZ STONE AND PALLET INC,2017-03-30,S02610,04327E,240,Medium-Term,9010_9130,2017,174.6,FALSE,Personal,N
266512,DIAZ STONE AND PALLET INC,2017-03-30,S02607,04381E,236,Medium-Term,9010_9130,2017,46.41,FALSE,Personal,N
266514,DIAZ STONE AND PALLET INC,2017-03-30,S02605,04053E,238,Medium-Term,9010_9130,2017,60.17,FALSE,Personal,N
266512,DIAZ STONE AND PALLET INC,2017-03-30,S02609,04398E,78,Short-Term,9010_9130,2017,0,FALSE,Personal,N
266512,DIAZ STONE AND PALLET INC,2017-03-30,S02608,01893E,128,Medium-Term,9010_9130,2017,50.1,FALSE,Personal,N
266514,DIAZ STONE AND PALLET INC,2017-03-30,S02606,04297E,196,Medium-Term,9010_9130,2017,77.5,FALSE,Personal,N
266515,DIAZ STONE AND PALLET INC,2017-03-30,S02611,04302E,214,Medium-Term,9010_9130,2017,192.72,FALSE,Personal,N
265399,SPROVIERIS CUSTOM COUNTERS INC,2017-03-21,S02174,01870E,395,Long-Term,9010_9130,2017,106.4,FALSE,Personal,N
265397,SPROVIERIS CUSTOM COUNTERS INC,2017-03-21,S02172,04067E,239,Medium-Term,9010_9130,2017,53.83800000000001,FALSE,Personal,N
265402,SPROVIERIS CUSTOM COUNTERS INC,2017-03-21,S02176,04167E,431,Long-Term,9010_9130,2017,0,FALSE,Personal,N
914263348,BEDROCK GRANITE COMPANY INC,2017-03-08,S01398,01925C,384,Long-Term,9010_9130,2017,18.752,FALSE,Personal,N
263044,BREKHUS TILE AND STONE,2017-02-16,S00545,01740E,345,Medium-Term,9010_9130,2017,0,FALSE,Personal,N
263045,BREKHUS TILE AND STONE,2017-02-16,S00546,04389E,434,Long-Term,9010_9130,2017,22.200000000000003,FALSE,Personal,N
263047,BREKHUS TILE AND STONE,2017-02-16,S00547,01748E,432,Long-Term,9010_9130,2017,19.240000000000002,FALSE,Personal,N
263049,BREKHUS TILE AND STONE,2017-02-16,S00548,04411E,264,Medium-Term,9010_9130,2017,0,FALSE,Personal,N
262440,BELLA MARBLE AND GRANITE INC,2017-02-15,S00245,01946E,255,Medium-Term,9010_9130,2017,0,FALSE,Personal,N
261977,GRANITE TRANSFORMATIONS OF NORTHEAST OHIO,2017-02-09,S00020,00567E,216,Medium-Term,9010_9130,2017,340.2,FALSE,Personal,N
261977,GRANITE TRANSFORMATIONS OF NORTHEAST OHIO,2017-02-09,S00019,00395E,171,Medium-Term,9010_9130,2017,671.42,FALSE,Personal,N
261975,GRANITE TRANSFORMATIONS OF NORTHEAST OHIO,2017-02-09,S00021,00229E,390,Long-Term,9010_9130,2017,275.59,FALSE,Personal,N
261775,GRANITE BY DESIGN,2017-02-08,L99882,04304E,168,Medium-Term,9010_9130,2017,0,FALSE,Personal,N
261776,GRANITE BY DESIGN,2017-02-08,L99883,07306C,215,Medium-Term,9010_9130,2017,0,FALSE,Personal,N
261774,GRANITE BY DESIGN,2017-02-08,L99879,04289E,216,Medium-Term,9010_9130,2017,47.73,FALSE,Personal,N
261775,GRANITE BY DESIGN,2017-02-08,L99881,07197C,218,Medium-Term,9010_9130,2017,30,FALSE,Personal,N
261774,GRANITE BY DESIGN,2017-02-08,L99880,07133C,165,Medium-Term,9010_9130,2017,68.47,FALSE,Personal,N
261588,BUTTURA AND SONS INC,2017-02-07,S00126,00785E,343,Medium-Term,9010_9130,2017,27.17,FALSE,Personal,N
261586,BUTTURA AND SONS INC,2017-02-07,S00128,00914E,314,Medium-Term,9010_9130,2017,0,FALSE,Personal,N
261582,BUTTURA AND SONS INC,2017-02-07,S00127,00584E,292,Medium-Term,9010_9130,2017,53.235,FALSE,Personal,N
262020,NATURAL STONE DESIGN OF LOUISIANA LLC,2017-02-02,S00101,8646A,358,Medium-Term,9010_9130,2017,411.70000000000005,FALSE,Personal,Y
265181,FANDM SURFACES INC,2017-01-31,S01781,06393C,183,Medium-Term,9010_9130,2017,65.52,FALSE,Personal,Y
265184,FANDM SURFACES INC,2017-01-31,S01782,02342C,122,Medium-Term,9010_9130,2017,0,FALSE,Personal,Y
260818,ABSOLUTE SURFACES LLC,2017-01-30,L99470,05274C,134,Medium-Term,9010_9130,2017,79.99,FALSE,Personal,N
260825,ABSOLUTE SURFACES LLC,2017-01-30,L99472,01381C,250,Medium-Term,9010_9130,2017,193.8,FALSE,Personal,N
260821,ABSOLUTE SURFACES LLC,2017-01-30,L99471,09498E,250,Medium-Term,9010_9130,2017,196,FALSE,Personal,N
260349,STONES AND DESIGNERS LLC,2017-01-24,L99461,00846C,380,Long-Term,9010_9130,2017,137.76,FALSE,Personal,N
260127,ENVIRONMENTAL MATERIALS LLC,2017-01-20,L99057,04296E,120,Short-Term,9010_9130,2017,0,FALSE,Personal,N
258944,LA CROSSE MEMORIALS INC,2017-01-04,L98526,01796E,463,Long-Term,9010_9130,2017,15.748,FALSE,Personal,N
258987,CAESARSTONE TECHNOLOGIES USA INC,2016-12-30,L98436,05308E,364,Long-Term,9010_9130,2016,0,FALSE,Personal,N
258984,CAESARSTONE TECHNOLOGIES USA INC,2016-12-30,L98433,04936E,438,Long-Term,9010_9130,2016,2410.85,FALSE,Personal,N
258359,RRV RENOVATIONS LLC,2016-12-19,L98245,04248E,330,Medium-Term,9010_9130,2016,27.200000000000003,FALSE,Personal,N
258360,RRV RENOVATIONS LLC,2016-12-19,L98244,01859E,346,Medium-Term,9010_9130,2016,30.959999999999997,FALSE,Personal,N
257335,STONE HOUSE ENTERPRISES INC,2016-12-06,L97697,04718E,138,Medium-Term,9010_9130,2016,0,FALSE,Personal,N
257336,STONE HOUSE ENTERPRISES INC,2016-12-06,L97696,04874E,140,Medium-Term,9010_9130,2016,0,FALSE,Personal,N
256864,AIRAM STONE DESIGNS INC,2016-11-30,L97462,05311C,240,Medium-Term,9010_9130,2016,416,FALSE,Personal,Y
256864,AIRAM STONE DESIGNS INC,2016-11-30,L97463,05565C,156,Medium-Term,9010_9130,2016,0,FALSE,Personal,Y
256862,AIRAM STONE DESIGNS INC,2016-11-30,L97465,05559C,186,Medium-Term,9010_9130,2016,0,FALSE,Personal,Y
256862,AIRAM STONE DESIGNS INC,2016-11-30,L97464,05492C,244,Medium-Term,9010_9130,2016,57.2,FALSE,Personal,Y
256024,KEITHS QUALITY MARBLE AND GRANITE INC,2016-11-16,L97059,05187C,122,Medium-Term,9010_9130,2016,56.699999999999996,FALSE,Personal,N
256022,KEITHS QUALITY MARBLE AND GRANITE INC,2016-11-16,L97058,05221C,133,Medium-Term,9010_9130,2016,308.55,FALSE,Personal,N
256021,KEITHS QUALITY MARBLE AND GRANITE INC,2016-11-16,L97057,05606C,137,Medium-Term,9010_9130,2016,187.11,FALSE,Personal,N
256016,KEITHS QUALITY MARBLE AND GRANITE INC,2016-11-16,L97056,05373C,138,Medium-Term,9010_9130,2016,0,FALSE,Personal,N
255225,SIMSLOHMAN INC,2016-11-07,L96742,01387E,384,Long-Term,9010_9130,2016,0,FALSE,Personal,Y
255228,SIMSLOHMAN INC,2016-11-07,L96741,01428E,301,Medium-Term,9010_9130,2016,0,FALSE,Personal,Y
254511,WOODSMAN KITCHENS AND FLOORS INC,2016-11-02,L96635,9199A,425,Long-Term,9010_9130,2016,0,FALSE,Personal,N
254515,WOODSMAN KITCHENS AND FLOORS INC,2016-11-02,L96634,8626A,425,Long-Term,9010_9130,2016,62.28,FALSE,Personal,N
254512,WOODSMAN KITCHENS AND FLOORS INC,2016-11-02,L96637,8632A,440,Long-Term,9010_9130,2016,0,FALSE,Personal,N
254962,PRECISION STONE AND GRANITE INC,2016-10-26,L96580,09474E,205,Medium-Term,9010_9130,2016,135.45,FALSE,Personal,Y
254963,PRECISION STONE AND GRANITE INC,2016-10-26,L96579,09698E,205,Medium-Term,9010_9130,2016,50.64,FALSE,Personal,Y
254958,PRECISION STONE AND GRANITE INC,2016-10-26,L96582,9690A,205,Medium-Term,9010_9130,2016,55.68,FALSE,Personal,Y
254960,PRECISION STONE AND GRANITE INC,2016-10-26,L96581,00330E,205,Medium-Term,9010_9130,2016,86.4,FALSE,Personal,Y
254250,DIRECT GRANITE COUNTERTOP INC,2016-10-25,L96104,07713C,183,Medium-Term,9010_9130,2016,97.249,FALSE,Personal,N
254951,RIVER ROCK STONE WORKS INC,2016-10-25,L96592,8884A,470,Long-Term,9010_9130,2016,31.031,FALSE,Personal,Y
254946,RIVER ROCK STONE WORKS INC,2016-10-25,L96594,00226E,470,Long-Term,9010_9130,2016,2365.78,FALSE,Personal,Y
253698,KERRICO CORPORATION,2016-10-20,L95927,01687E,159,Medium-Term,9010_9130,2016,0,FALSE,Personal,N
253698,KERRICO CORPORATION,2016-10-20,L95928,01467E,125,Medium-Term,9010_9130,2016,0,FALSE,Personal,N
253391,LIBRESTONE MARBLE AND GRANITE LLC,2016-10-18,L95759,04400E,456,Long-Term,9010_9130,2016,48.45,FALSE,Personal,N
253390,LIBRESTONE MARBLE AND GRANITE LLC,2016-10-18,L95758,01083E,457,Long-Term,9010_9130,2016,39.68,FALSE,Personal,N
253239,BOND INTERIOR GRANITE LLC,2016-10-18,L95781,01844E,293,Medium-Term,9010_9130,2016,54.9,FALSE,Personal,N
253392,LIBRESTONE MARBLE AND GRANITE LLC,2016-10-18,L95760,04349E,461,Long-Term,9010_9130,2016,37.18,FALSE,Personal,N
253115,BOND INTERIOR GRANITE LLC,2016-10-18,L95779,01430E,285,Medium-Term,9010_9130,2016,28.799999999999997,FALSE,Personal,N
253113,BOND INTERIOR GRANITE LLC,2016-10-18,L95778,01839E,326,Medium-Term,9010_9130,2016,216.48000000000002,FALSE,Personal,N
253109,BOND INTERIOR GRANITE LLC,2016-10-18,L95777,01436E,229,Medium-Term,9010_9130,2016,395.27,FALSE,Personal,N
253107,BOND INTERIOR GRANITE LLC,2016-10-18,L95776,01390E,338,Medium-Term,9010_9130,2016,374.15999999999997,FALSE,Personal,N
253238,BOND INTERIOR GRANITE LLC,2016-10-18,L95780,01845E,334,Medium-Term,9010_9130,2016,102.3,FALSE,Personal,N
252092,ARKANSAS GRANITE AND MARBLE LLC,2016-09-27,L95159,01590E,228,Medium-Term,9010_9130,2016,135.5,FALSE,Personal,N
252092,ARKANSAS GRANITE AND MARBLE LLC,2016-09-27,L95158,04652C,252,Medium-Term,9010_9130,2016,243.96,FALSE,Personal,N
252095,ARKANSAS GRANITE AND MARBLE LLC,2016-09-27,L95156,04607C,265,Medium-Term,9010_9130,2016,61.949999999999996,FALSE,Personal,N
252095,ARKANSAS GRANITE AND MARBLE LLC,2016-09-27,L95157,01449E,215,Medium-Term,9010_9130,2016,61.44,FALSE,Personal,N
252085,USDOL OSHA LITTLE ROCK AO,2016-09-27,L95160,04618C,230,Medium-Term,9010_9130,2016,0,FALSE,Personal,N
252085,USDOL OSHA LITTLE ROCK AO,2016-09-27,L95161,01610E,243,Medium-Term,9010_9130,2016,0,FALSE,Personal,N
251693,SIMMONS CUSTOM GRANITE LLC,2016-09-23,L95106,01589E,372,Long-Term,9010_9130,2016,285.76,FALSE,Personal,N
251682,SIMMONS CUSTOM GRANITE LLC,2016-09-23,L95104,01798E,159,Medium-Term,9010_9130,2016,0,FALSE,Personal,N
251689,SIMMONS CUSTOM GRANITE LLC,2016-09-23,L95105,01492E,274,Medium-Term,9010_9130,2016,238.656,FALSE,Personal,N
251694,SIMMONS CUSTOM GRANITE LLC,2016-09-23,L95103,01462E,385,Long-Term,9010_9130,2016,88.67999999999999,FALSE,Personal,N
250980,SANDK STONE INCORPORATED,2016-09-16,L94695,01236E,465,Long-Term,9010_9130,2016,72.38000000000001,FALSE,Personal,N
250982,SANDK STONE INCORPORATED,2016-09-16,L94697,01329E,455,Long-Term,9010_9130,2016,119.2,FALSE,Personal,N
250981,SANDK STONE INCORPORATED,2016-09-16,L94696,01145E,470,Long-Term,9010_9130,2016,66.08000000000001,FALSE,Personal,N
250983,SANDK STONE INCORPORATED,2016-09-16,L94699,01110E,180,Medium-Term,9010_9130,2016,70.46000000000001,FALSE,Personal,N
250983,SANDK STONE INCORPORATED,2016-09-16,L94698,01204E,232,Medium-Term,9010_9130,2016,130.76000000000002,FALSE,Personal,N
250934,CUSTOM MARBLE WORKS INC,2016-09-14,L94788,08019E,444,Long-Term,9010_9130,2016,0,FALSE,Personal,N
250928,CUSTOM MARBLE WORKS INC,2016-09-14,L94786,08121E,437,Long-Term,9010_9130,2016,0,FALSE,Personal,N
250920,CUSTOM MARBLE WORKS INC,2016-09-14,L94785,08064E,439,Long-Term,9010_9130,2016,0,FALSE,Personal,N
250932,CUSTOM MARBLE WORKS INC,2016-09-14,L94787,08012E,432,Long-Term,9010_9130,2016,0,FALSE,Personal,N
251301,USDOL OSHA LITTLE ROCK AO,2016-09-13,L94974,04412C,235,Medium-Term,9010_9130,2016,0,FALSE,Personal,N
251549,NATIONAL MARBLE AND GRANITE,2016-09-13,L94978,00044E,159,Medium-Term,9010_9130,2016,0,FALSE,Personal,N
251296,NATIONAL MARBLE AND GRANITE,2016-09-13,L94977,04553C,299,Medium-Term,9010_9130,2016,0,FALSE,Personal,N
251296,NATIONAL MARBLE AND GRANITE,2016-09-13,L94976,04557C,243,Medium-Term,9010_9130,2016,39.56,FALSE,Personal,N
251301,USDOL OSHA LITTLE ROCK AO,2016-09-13,L94975,04432C,148,Medium-Term,9010_9130,2016,0,FALSE,Personal,N
246771,EMPIRE SURFACES INC,2016-08-28,L92896,8868A,422,Long-Term,9010_9130,2016,17.108,FALSE,Personal,N
248901,HILLTOP SLATE INC,2016-08-15,L93959,06750C,162,Medium-Term,9010_9130,2016,101.75999999999999,FALSE,Personal,N
248898,HILLTOP SLATE INC,2016-08-15,L93956,3477A,226,Medium-Term,9010_9130,2016,163.88000000000002,FALSE,Personal,N
248898,HILLTOP SLATE INC,2016-08-15,L93957,06726C,160,Medium-Term,9010_9130,2016,86.73,FALSE,Personal,N
248901,HILLTOP SLATE INC,2016-08-15,L93958,07203D,238,Medium-Term,9010_9130,2016,87.89999999999999,FALSE,Personal,N
248900,HILLTOP SLATE INC,2016-08-15,L93955,06585C,158,Medium-Term,9010_9130,2016,283.14,FALSE,Personal,N
248900,HILLTOP SLATE INC,2016-08-15,L93954,06728C,231,Medium-Term,9010_9130,2016,186.15,FALSE,Personal,N
248589,ROCK LAKE INCORPORATED,2016-08-12,L93707,09248E,179,Medium-Term,9010_9130,2016,198.12,FALSE,Personal,N
248589,ROCK LAKE INCORPORATED,2016-08-12,L93706,09003E,281,Medium-Term,9010_9130,2016,152.01000000000002,FALSE,Personal,N
248588,ROCK LAKE INCORPORATED,2016-08-12,L93701,8999A,179,Medium-Term,9010_9130,2016,217.79999999999998,FALSE,Personal,N
248588,ROCK LAKE INCORPORATED,2016-08-12,L93700,02622C,283,Medium-Term,9010_9130,2016,172.04000000000002,FALSE,Personal,N
248587,ROCK LAKE INCORPORATED,2016-08-12,L93703,05247C,182,Medium-Term,9010_9130,2016,268.06,FALSE,Personal,N
248587,ROCK LAKE INCORPORATED,2016-08-12,L93702,05062C,281,Medium-Term,9010_9130,2016,279.12,FALSE,Personal,N
248586,ROCK LAKE INCORPORATED,2016-08-12,L93704,05024C,285,Medium-Term,9010_9130,2016,142.23000000000002,FALSE,Personal,N
248586,ROCK LAKE INCORPORATED,2016-08-12,L93705,09276E,178,Medium-Term,9010_9130,2016,200.20000000000002,FALSE,Personal,N
247955,PLY GEM INDUSTRIES INC,2016-08-10,L93400,09136E,166,Medium-Term,9010_9130,2016,0,FALSE,Personal,Y
247957,PLY GEM INDUSTRIES INC,2016-08-10,L93402,07118D,155,Medium-Term,9010_9130,2016,0,FALSE,Personal,Y
247955,PLY GEM INDUSTRIES INC,2016-08-10,L93399,05284C,249,Medium-Term,9010_9130,2016,0,FALSE,Personal,Y
247951,PLY GEM INDUSTRIES INC,2016-08-10,L93395,05542C,263,Medium-Term,9010_9130,2016,0,FALSE,Personal,Y
247951,PLY GEM INDUSTRIES INC,2016-08-10,L93396,07414D,146,Medium-Term,9010_9130,2016,0,FALSE,Personal,Y
247954,PLY GEM INDUSTRIES INC,2016-08-10,L93397,05457C,249,Medium-Term,9010_9130,2016,0,FALSE,Personal,Y
247954,PLY GEM INDUSTRIES INC,2016-08-10,L93398,09826E,145,Medium-Term,9010_9130,2016,0,FALSE,Personal,Y
247957,PLY GEM INDUSTRIES INC,2016-08-10,L93401,05518C,234,Medium-Term,9010_9130,2016,0,FALSE,Personal,Y
247685,CATAWISSA MONUMENT INC,2016-08-08,L93289,05191C,60,Short-Term,9010_9130,2016,0,FALSE,Personal,N
247686,BRENNAN HOLDING LLC,2016-08-08,L93418,01130E,30,Task-Based,9010_9130,2016,0,FALSE,Personal,N
247687,SUSQUEHANNA MARBLE AND GRANITE LLC,2016-08-04,L93287,05139C,50,Short-Term,9010_9130,2016,0,FALSE,Personal,N
247380,ULTIMATE GRANITE SURFACES INC,2016-08-03,L93220,07782C,474,Long-Term,9010_9130,2016,22.05,FALSE,Personal,N
246309,TELLURIDE STONE COMPANY,2016-07-19,L92606,04508C,455,Long-Term,9010_9130,2016,280.86,FALSE,Personal,N
246312,TELLURIDE STONE COMPANY,2016-07-19,L92607,06988C,445,Long-Term,9010_9130,2016,278.1,FALSE,Personal,N
246313,TELLURIDE STONE COMPANY,2016-07-19,L92608,04668C,450,Long-Term,9010_9130,2016,125.24,FALSE,Personal,N
246315,TELLURIDE STONE COMPANY,2016-07-19,L92605,04325C,446,Long-Term,9010_9130,2016,291.2,FALSE,Personal,N
246299,SELECT FLOORING INC,2016-07-19,L92611,00826E,340,Medium-Term,9010_9130,2016,0,FALSE,Personal,Y
246299,SELECT FLOORING INC,2016-07-19,L92612,03056C,120,Short-Term,9010_9130,2016,0,FALSE,Personal,Y
246298,SELECT FLOORING INC,2016-07-19,L94053,00968E,123,Medium-Term,9010_9130,2016,0,FALSE,Personal,Y
246298,SELECT FLOORING INC,2016-07-19,L92610,00739E,291,Medium-Term,9010_9130,2016,126.98400000000002,FALSE,Personal,Y
244984,OWGS LLC,2016-07-01,L91969,07071C,431,Long-Term,9010_9130,2016,249.876,FALSE,Personal,Y
244982,OWGS LLC,2016-07-01,L91968,07282C,437,Long-Term,9010_9130,2016,616.734,FALSE,Personal,Y
244976,OWGS LLC,2016-07-01,L91967,06338C,448,Long-Term,9010_9130,2016,263.84400000000005,FALSE,Personal,Y
244969,ROCK LAKE INCORPORATED,2016-06-30,L91942,8872A,122,Medium-Term,9010_9130,2016,196.79999999999998,FALSE,Personal,N
244968,ROCK LAKE INCORPORATED,2016-06-30,L91941,07625D,127,Medium-Term,9010_9130,2016,0,FALSE,Personal,N
244966,ROCK LAKE INCORPORATED,2016-06-30,L91940,9815A,128,Medium-Term,9010_9130,2016,119.60000000000001,FALSE,Personal,N
244965,ROCK LAKE INCORPORATED,2016-06-30,L91939,07650D,128,Medium-Term,9010_9130,2016,177.1,FALSE,Personal,N
243066,BERTA MARBLE DESIGN LLC,2016-06-09,L90914,07629D,488,Long-Term,9010_9130,2016,25,FALSE,Personal,N
242890,EUROPEAN STONE ART LLC,2016-06-07,L90829,9213A,460,Long-Term,9010_9130,2016,0,FALSE,Personal,Y
242888,EUROPEAN STONE ART LLC,2016-06-07,L90828,9194A,455,Long-Term,9010_9130,2016,0,FALSE,Personal,Y
243775,USDOL OSHA HASBROUCK HEIGHTS,2016-06-07,L91279,8880A,449,Long-Term,9010_9130,2016,0,FALSE,Personal,Y
242775,COLORADO STONE PRODUCTS OF TEXAS INC,2016-06-02,L90697,06178C,369,Long-Term,9010_9130,2016,0,FALSE,Personal,N
242770,COLORADO STONE PRODUCTS OF TEXAS INC,2016-06-02,L90698,06038C,353,Medium-Term,9010_9130,2016,0,FALSE,Personal,N
242765,COLORADO STONE PRODUCTS OF TEXAS INC,2016-06-02,L90700,06337C,349,Medium-Term,9010_9130,2016,0,FALSE,Personal,N
242764,COLORADO STONE PRODUCTS OF TEXAS INC,2016-06-02,L90699,06157C,370,Long-Term,9010_9130,2016,0,FALSE,Personal,N
242663,COLORADO STONE PRODUCTS OF TEXAS INC,2016-06-02,L90704,06370C,370,Long-Term,9010_9130,2016,0,FALSE,Personal,N
225274,COLORADO STONE PRODUCTS OF TEXAS INC,2016-06-02,L90702,06261C,325,Medium-Term,9010_9130,2016,0,FALSE,Personal,N
242673,COLORADO STONE PRODUCTS OF TEXAS INC,2016-06-02,L90703,06362C,342,Medium-Term,9010_9130,2016,0,FALSE,Personal,N
242665,COLORADO STONE PRODUCTS OF TEXAS INC,2016-06-02,L90705,06012C,336,Medium-Term,9010_9130,2016,0,FALSE,Personal,N
242759,COLORADO STONE PRODUCTS OF TEXAS INC,2016-06-02,L90701,06067C,341,Medium-Term,9010_9130,2016,0,FALSE,Personal,N
240466,TELLURIDE STONE COMPANY,2016-05-11,L89299,07314C,287,Medium-Term,9010_9130,2016,133.12,FALSE,Personal,N
240466,TELLURIDE STONE COMPANY,2016-05-11,L89300,07257C,168,Medium-Term,9010_9130,2016,191.98,FALSE,Personal,N
240463,TELLURIDE STONE COMPANY,2016-05-11,L89302,07058C,165,Medium-Term,9010_9130,2016,0,FALSE,Personal,N
240463,TELLURIDE STONE COMPANY,2016-05-11,L89301,04489C,282,Medium-Term,9010_9130,2016,0,FALSE,Personal,N
240474,TELLURIDE STONE COMPANY,2016-05-11,L89294,04675C,166,Medium-Term,9010_9130,2016,164.48,FALSE,Personal,N
240474,TELLURIDE STONE COMPANY,2016-05-11,L89293,07057C,292,Medium-Term,9010_9130,2016,244.75000000000003,FALSE,Personal,N
240468,TELLURIDE STONE COMPANY,2016-05-11,L89298,04315C,162,Medium-Term,9010_9130,2016,0,FALSE,Personal,N
240471,TELLURIDE STONE COMPANY,2016-05-11,L89295,04689C,292,Medium-Term,9010_9130,2016,184.8,FALSE,Personal,N
239853,GULF COAST WILBERT INC,2016-05-05,L89132,Z9921,69,Short-Term,9010_9130,2016,94.92,FALSE,Personal,N
239853,GULF COAST WILBERT INC,2016-05-05,L89131,07773C,40,Short-Term,9010_9130,2016,0,FALSE,Personal,N
239853,GULF COAST WILBERT INC,2016-05-05,L89130,07594C,50,Short-Term,9010_9130,2016,0,FALSE,Personal,N
239471,HOUSTON STONE CENTER INC,2016-04-28,L88809,01063C,435,Long-Term,9010_9130,2016,0,FALSE,Personal,Y
239472,HOUSTON STONE CENTER INC,2016-04-28,L88810,9259A,275,Medium-Term,9010_9130,2016,0,FALSE,Personal,Y
239300,FREEWAY MARBLE AND GRANITE,2016-04-26,L88656,07227C,462,Long-Term,9010_9130,2016,48.4,FALSE,Personal,N
239304,FREEWAY MARBLE AND GRANITE,2016-04-26,L88657,04684C,440,Long-Term,9010_9130,2016,342.55199999999996,FALSE,Personal,N
239302,FREEWAY MARBLE AND GRANITE,2016-04-26,L88659,07364C,117,Short-Term,9010_9130,2016,0,FALSE,Personal,N
239301,FREEWAY MARBLE AND GRANITE,2016-04-26,L88658,07037C,461,Long-Term,9010_9130,2016,86.39999999999999,FALSE,Personal,N
238598,STI GRANITE AND MARBLE LLC,2016-04-20,L88246,05188C,313,Medium-Term,9010_9130,2016,384.71000000000004,FALSE,Personal,N
238597,STI GRANITE AND MARBLE LLC,2016-04-20,L88245,05239C,310,Medium-Term,9010_9130,2016,261.14,FALSE,Personal,N
238123,JANDN STONE INC,2016-04-13,L88091,00204C,300,Medium-Term,9010_9130,2016,59.699999999999996,FALSE,Personal,N
237283,GRANITE BROTHERS,2016-04-05,L87538,05430C,361,Long-Term,9010_9130,2016,1011.15,FALSE,Personal,N
237291,CLEVELAND GRANITE AND MARBLE,2016-04-05,L87562,00213E,465,Long-Term,9010_9130,2016,27.959999999999997,FALSE,Personal,N
237293,CLEVELAND GRANITE AND MARBLE,2016-04-05,L87561,00530E,470,Long-Term,9010_9130,2016,0,FALSE,Personal,N
237294,CLEVELAND GRANITE AND MARBLE,2016-04-05,L87563,00481E,145,Medium-Term,9010_9130,2016,0,FALSE,Personal,N
237296,CLEVELAND GRANITE AND MARBLE,2016-04-05,L87564,00109E,153,Medium-Term,9010_9130,2016,0,FALSE,Personal,N
236140,LEE TILE AND STONE LLC,2016-03-22,L86631,06276C,290,Medium-Term,9010_9130,2016,47.6,FALSE,Personal,N
236139,LEE TILE AND STONE LLC,2016-03-22,L86632,07896C,288,Medium-Term,9010_9130,2016,30.130000000000003,FALSE,Personal,N
235809,ADAMS MONUMENT SALES INC,2016-03-21,L86493,06483C,96,Short-Term,9010_9130,2016,84.24000000000001,FALSE,Personal,N
235809,ADAMS MONUMENT SALES INC,2016-03-21,L86494,06018C,81,Short-Term,9010_9130,2016,110.52,FALSE,Personal,N
235809,ADAMS MONUMENT SALES INC,2016-03-21,L86495,06224C,62,Short-Term,9010_9130,2016,0,FALSE,Personal,N
235809,ADAMS MONUMENT SALES INC,2016-03-21,L86490,08872E,64,Short-Term,9010_9130,2016,0,FALSE,Personal,N
235809,ADAMS MONUMENT SALES INC,2016-03-21,L86492,06341C,97,Short-Term,9010_9130,2016,0,FALSE,Personal,N
235810,ADAMS MONUMENT SALES INC,2016-03-18,L86488,09968E,81,Short-Term,9010_9130,2016,0,FALSE,Personal,N
235810,ADAMS MONUMENT SALES INC,2016-03-18,L86489,06460C,60,Short-Term,9010_9130,2016,0,FALSE,Personal,N
235810,ADAMS MONUMENT SALES INC,2016-03-18,L86487,06391C,24,Task-Based,9010_9130,2016,0,FALSE,Personal,N
235810,ADAMS MONUMENT SALES INC,2016-03-18,L86486,09937E,86,Short-Term,9010_9130,2016,0,FALSE,Personal,N
235810,ADAMS MONUMENT SALES INC,2016-03-18,L86485,06183C,57,Short-Term,9010_9130,2016,0,FALSE,Personal,N
235582,USDOL OSHA JACKSONVILLE,2016-03-16,L86269,03795C,200,Medium-Term,9010_9130,2016,0,FALSE,Personal,N
235560,STONE HOUSE ENTERPRISES INC,2016-03-16,L86272,03726C,244,Medium-Term,9010_9130,2016,112.08,FALSE,Personal,N
235570,STONE HOUSE ENTERPRISES INC,2016-03-16,L86271,03874C,212,Medium-Term,9010_9130,2016,404.8,FALSE,Personal,N
235258,HERITAGE TILE MARBLE AND GRANITE INC,2016-03-01,L86166,04311C,238,Medium-Term,9010_9130,2016,109.8,FALSE,Personal,N
235256,HERITAGE TILE MARBLE AND GRANITE INC,2016-03-01,L86165,04665C,199,Medium-Term,9010_9130,2016,79.05,FALSE,Personal,N
235258,HERITAGE TILE MARBLE AND GRANITE INC,2016-03-01,L86167,04339C,200,Medium-Term,9010_9130,2016,89.10000000000001,FALSE,Personal,N
235259,HERITAGE TILE MARBLE AND GRANITE INC,2016-03-01,L86169,04709C,203,Medium-Term,9010_9130,2016,122.96,FALSE,Personal,N
235256,HERITAGE TILE MARBLE AND GRANITE INC,2016-03-01,L86164,04467C,200,Medium-Term,9010_9130,2016,84,FALSE,Personal,N
235259,HERITAGE TILE MARBLE AND GRANITE INC,2016-03-01,L86168,04354C,239,Medium-Term,9010_9130,2016,158.6,FALSE,Personal,N
234004,AMERICA MARBLE AND GRANITE INC,2016-02-25,L85533,04667C,445,Long-Term,9010_9130,2016,12.719999999999999,FALSE,Personal,N
233997,AMERICA MARBLE AND GRANITE INC,2016-02-25,L85532,04674C,471,Long-Term,9010_9130,2016,18.2,FALSE,Personal,N
234013,AMERICA MARBLE AND GRANITE INC,2016-02-25,L85535,04624C,472,Long-Term,9010_9130,2016,0,FALSE,Personal,N
234008,AMERICA MARBLE AND GRANITE INC,2016-02-25,L85534,04475C,475,Long-Term,9010_9130,2016,0,FALSE,Personal,N
233988,AMERICA MARBLE AND GRANITE INC,2016-02-25,L85531,04403C,443,Long-Term,9010_9130,2016,22.8,FALSE,Personal,N
234016,AMERICA MARBLE AND GRANITE INC,2016-02-25,L85536,04416C,397,Long-Term,9010_9130,2016,0,FALSE,Personal,N
234124,GULF COAST WILBERT INC,2016-02-24,L85510,07640D,72,Short-Term,9010_9130,2016,0,FALSE,Personal,N
234123,GULF COAST WILBERT INC,2016-02-24,L85508,07846D,88,Short-Term,9010_9130,2016,0,FALSE,Personal,N
234123,GULF COAST WILBERT INC,2016-02-24,L85507,07630D,137,Medium-Term,9010_9130,2016,0,FALSE,Personal,N
234124,GULF COAST WILBERT INC,2016-02-24,L85509,08039E,194,Medium-Term,9010_9130,2016,0,FALSE,Personal,N
233503,GUYS FLOOR SERVICE INC,2016-02-17,L85031,09677E,466,Long-Term,9010_9130,2016,34.08,FALSE,Personal,N
233506,GUYS FLOOR SERVICE INC,2016-02-17,L85034,09768E,486,Long-Term,9010_9130,2016,0,FALSE,Personal,N
233505,GUYS FLOOR SERVICE INC,2016-02-17,L85033,06648D,455,Long-Term,9010_9130,2016,34.32,FALSE,Personal,N
233504,GUYS FLOOR SERVICE INC,2016-02-17,L85032,09808E,465,Long-Term,9010_9130,2016,29.960000000000004,FALSE,Personal,N
231899,NATURAL GALLERY GRANITE DIRECT INC,2016-02-02,L84226,08103E,243,Medium-Term,9010_9130,2016,68.03999999999999,FALSE,Personal,N
231899,NATURAL GALLERY GRANITE DIRECT INC,2016-02-02,L84227,08052E,196,Medium-Term,9010_9130,2016,55.68,FALSE,Personal,N
231900,NATURAL GALLERY GRANITE DIRECT INC,2016-02-02,L84224,07865D,200,Medium-Term,9010_9130,2016,65.28399999999999,FALSE,Personal,N
231724,ADAMS MONUMENT SALES INC,2016-01-29,L84101,09818E,150,Medium-Term,9010_9130,2016,0,FALSE,Personal,N
233507,SANDS ENTERPRISES INC,2016-01-14,L85080,06445D,120,Short-Term,9010_9130,2016,0,FALSE,Personal,N
233507,SANDS ENTERPRISES INC,2016-01-14,L85079,06738D,158,Medium-Term,9010_9130,2016,46.08,FALSE,Personal,N
233500,SANDS ENTERPRISES INC,2016-01-14,L85078,09430E,89,Short-Term,9010_9130,2016,0,FALSE,Personal,N
233500,SANDS ENTERPRISES INC,2016-01-14,L85077,03671C,160,Medium-Term,9010_9130,2016,210.98,FALSE,Personal,N
230123,NATURAL GALLERY GRANITE DIRECT INC,2016-01-06,L83097,08889E,233,Medium-Term,9010_9130,2016,62.56,FALSE,Personal,N
230145,USDOL OSHA,2016-01-06,L83099,09029E,363,Long-Term,9010_9130,2016,0,FALSE,Personal,N
230024,LIBRESTONE MARBLE AND GRANITE LLC,2016-01-06,L83025,07203C,2,Task-Based,9010_9130,2016,7372.8,FALSE,Personal,N
230023,LIBRESTONE MARBLE AND GRANITE LLC,2016-01-06,L83024,07336C,470,Long-Term,9010_9130,2016,124.08,FALSE,Personal,N
230123,NATURAL GALLERY GRANITE DIRECT INC,2016-01-06,L83098,08830E,187,Medium-Term,9010_9130,2016,66.24,FALSE,Personal,N
230021,LIBRESTONE MARBLE AND GRANITE LLC,2016-01-06,L83022,07208C,469,Long-Term,9010_9130,2016,146.11,FALSE,Personal,N
230022,LIBRESTONE MARBLE AND GRANITE LLC,2016-01-06,L83023,07059C,465,Long-Term,9010_9130,2016,184.8,FALSE,Personal,N
228973,GARCIA IMPORTED TILE AND GRANITE,2015-12-10,L82400,Y8556,470,Long-Term,9010_9130,2015,49.7,FALSE,Personal,N
228971,GARCIA IMPORTED TILE AND GRANITE,2015-12-10,L82399,3163B,420,Long-Term,9010_9130,2015,1011.7700000000001,FALSE,Personal,N
228587,BALTAZARS STONE INC,2015-12-09,L82296,MF 1,250,Medium-Term,9010_9130,2015,105.488,FALSE,Personal,N
228588,BALTAZARS STONE INC,2015-12-09,L82299,IR 2,240,Medium-Term,9010_9130,2015,109.06,FALSE,Personal,N
228587,BALTAZARS STONE INC,2015-12-09,L82297,MF 2,240,Medium-Term,9010_9130,2015,231.27,FALSE,Personal,N
228588,BALTAZARS STONE INC,2015-12-09,L82298,IR 1,250,Medium-Term,9010_9130,2015,0,FALSE,Personal,N
226273,LIBRESTONE MARBLE AND GRANITE LLC,2015-11-03,L80744,07173C,339,Medium-Term,9010_9130,2015,184.5,FALSE,Personal,N
226280,LIBRESTONE MARBLE AND GRANITE LLC,2015-11-03,L80747,07053C,337,Medium-Term,9010_9130,2015,90.88,FALSE,Personal,N
226276,LIBRESTONE MARBLE AND GRANITE LLC,2015-11-03,L80745,07342C,340,Medium-Term,9010_9130,2015,95.2,FALSE,Personal,N
0927681,QUARRYCUT INC,2015-09-11,L79237,00118C,413,Long-Term,9010_9130,2015,503.37,FALSE,Personal,Y
0927673,QUARRYCUT INC,2015-09-11,L79236,00581C,420,Long-Term,9010_9130,2015,68.64,FALSE,Personal,Y
221604,BUTLER STONE CRAFT INC,2015-09-02,L78320,09921E,55,Short-Term,9010_9130,2015,177.6,FALSE,Personal,N
220733,PUTNAM GRANITE,2015-08-17,L78577,01601C,118,Short-Term,9010_9130,2015,0,FALSE,Personal,N
220733,PUTNAM GRANITE,2015-08-17,L78576,01438C,143,Medium-Term,9010_9130,2015,186.69,FALSE,Personal,N
222141,PUTNAM GRANITE,2015-08-17,L78578,7409A,146,Medium-Term,9010_9130,2015,0,FALSE,Personal,N
220579,ZUMRUT MARBLE AND GRANITE INC,2015-08-14,L77588,08561E,180,Medium-Term,9010_9130,2015,0,FALSE,Personal,Y
220574,ZUMRUT MARBLE AND GRANITE INC,2015-08-14,L77586,08771E,60,Short-Term,9010_9130,2015,193.28,FALSE,Personal,Y
220578,ZUMRUT MARBLE AND GRANITE INC,2015-08-14,L77585,08495E,180,Medium-Term,9010_9130,2015,0,FALSE,Personal,Y
219551,NIAGARA MONUMENT WORKS INC,2015-07-28,L76791,01921C,181,Medium-Term,9010_9130,2015,0,FALSE,Personal,N
219550,NIAGARA MONUMENT WORKS INC,2015-07-28,L76789,01948C,302,Medium-Term,9010_9130,2015,50.687,FALSE,Personal,N
218590,WEAVERS MONUMENT COMPANY INC,2015-07-13,L76006,08451E,52,Short-Term,9010_9130,2015,0,FALSE,Personal,N
217842,CLASSIC GRANITE AND MARBLE INC,2015-07-02,L75665,02780C,445,Long-Term,9010_9130,2015,30.966,FALSE,Personal,N
217848,CLASSIC GRANITE AND MARBLE INC,2015-07-02,L75668,03414C,413,Long-Term,9010_9130,2015,29.52,FALSE,Personal,N
217845,CLASSIC GRANITE AND MARBLE INC,2015-07-02,L75667,02462C,415,Long-Term,9010_9130,2015,0,FALSE,Personal,N
217844,CLASSIC GRANITE AND MARBLE INC,2015-07-02,L75666,03140C,431,Long-Term,9010_9130,2015,20.400000000000002,FALSE,Personal,N
216081,IDAHO GRANITE WORKS,2015-06-02,L74564,03634C,480,Long-Term,9010_9130,2015,0,FALSE,Personal,N
216083,IDAHO GRANITE WORKS,2015-06-02,L74566,03775,490,Long-Term,9010_9130,2015,16.076599999999996,FALSE,Personal,N
216085,IDAHO GRANITE WORKS,2015-06-02,L74567,7692A,480,Long-Term,9010_9130,2015,0,FALSE,Personal,N
216086,IDAHO GRANITE WORKS,2015-06-02,L74568,8253A,490,Long-Term,9010_9130,2015,61.60000000000001,FALSE,Personal,N
216088,IDAHO GRANITE WORKS,2015-06-02,L74569,7694A,480,Long-Term,9010_9130,2015,0,FALSE,Personal,N
216082,IDAHO GRANITE WORKS,2015-06-01,L74565,7875A,480,Long-Term,9010_9130,2015,0,FALSE,Personal,N
213048,STI GRANITE AND MARBLE LLC,2015-04-24,L72323,02773C,313,Medium-Term,9010_9130,2015,344.816,FALSE,Personal,N
210437,CHARLES HALES,2015-03-25,L70686,07485D,181,Medium-Term,9010_9130,2015,0,FALSE,Personal,N
210504,HURLEY MONUMENT COMPANY INC,2015-03-24,L70703,SA15041,248,Medium-Term,9010_9130,2015,0,FALSE,Personal,N
210450,SMITH MONUMENTS,2015-03-17,L70877,08765E,130,Medium-Term,9010_9130,2015,0,FALSE,Personal,N
209435,GRANITE AND MARBLE SPECIALISTS INC,2015-03-09,L69998,07147D,437,Long-Term,9010_9130,2015,0,FALSE,Personal,N
209417,I GRANITE AND CABINETS CORP,2015-03-05,L70283,03323C,121,Medium-Term,9010_9130,2015,50.27,FALSE,Personal,N
209131,WORLD WIDE STONE INC,2015-03-03,L69738,01928C,225,Medium-Term,9010_9130,2015,0,FALSE,Personal,N
208783,KEITHS QUALITY MARBLE AND GRANITE INC,2015-02-25,L69561,03794C,190,Medium-Term,9010_9130,2015,101.52,FALSE,Personal,N
208777,KEITHS QUALITY MARBLE AND GRANITE INC,2015-02-25,L69560,03748C,190,Medium-Term,9010_9130,2015,71.85,FALSE,Personal,N
208996,USDOL OSHA JACKSONVILLE,2015-02-25,L69558,03727C,180,Medium-Term,9010_9130,2015,0,FALSE,Personal,N
205717,VERMONT STRUCTURAL SLATE CO INC,2015-02-11,L69029,7006A,43,Short-Term,9010_9130,2015,0,FALSE,Personal,N
197794,SPARQ HOME,2015-01-29,L68583,03882C,450,Long-Term,9010_9130,2015,14.63,FALSE,Personal,N
197786,SPARQ HOME,2015-01-29,L68581,06687D,428,Long-Term,9010_9130,2015,0,FALSE,Personal,N
197792,SPARQ HOME,2015-01-29,L68580,03676C,454,Long-Term,9010_9130,2015,44.22,FALSE,Personal,N
197789,SPARQ HOME,2015-01-29,L68582,06715D,433,Long-Term,9010_9130,2015,28.980000000000004,FALSE,Personal,N
197027,SAM CARROLL MEMORIALS INC,2015-01-22,L68005,02799C,455,Long-Term,9010_9130,2015,0,FALSE,Personal,N
196624,TILEWORKS INC,2015-01-12,L67440,03705C,211,Medium-Term,9010_9130,2015,118.08,FALSE,Personal,Y
196627,USDOL OSHA,2015-01-12,L67439,02882C,386,Long-Term,9010_9130,2015,0,FALSE,Personal,Y
196617,NATURAL GALLERY GRANITE DIRECT INC,2015-01-08,L67436,03878C,160,Medium-Term,9010_9130,2015,526.32,FALSE,Personal,Y
196615,NATURAL GALLERY GRANITE DIRECT INC,2015-01-08,L67435,02734C,197,Medium-Term,9010_9130,2015,0,FALSE,Personal,Y
196615,NATURAL GALLERY GRANITE DIRECT INC,2015-01-08,L67434,03686C,168,Medium-Term,9010_9130,2015,0,FALSE,Personal,Y
196617,NATURAL GALLERY GRANITE DIRECT INC,2015-01-08,L67437,02839C,214,Medium-Term,9010_9130,2015,0,FALSE,Personal,Y
195545,INTERNATIONAL TRADE CONSULTANTS,2014-12-18,L66794,CR-1,68,Short-Term,9010_9130,2014,0,FALSE,Personal,N
194594,SANDS ENTERPRISES INC,2014-12-04,L66207,06539D,404,Long-Term,9010_9130,2014,107.14,FALSE,Personal,N
194592,SANDS ENTERPRISES INC,2014-12-04,L66208,03721C,415,Long-Term,9010_9130,2014,172.4,FALSE,Personal,N
195005,PEBBLE JUNCTION INC,2014-12-04,L66558,00191C,181,Medium-Term,9010_9130,2014,0,FALSE,Personal,N
195004,PEBBLE JUNCTION INC,2014-12-04,L66557,00169C,180,Medium-Term,9010_9130,2014,0,FALSE,Personal,N
194377,SIERRAS OF COLORADO,2014-12-02,L66188,06664D,396,Long-Term,9010_9130,2014,32.87,FALSE,Personal,N
194376,SIERRAS OF COLORADO,2014-12-02,L66187,06780D,355,Medium-Term,9010_9130,2014,82.88,FALSE,Personal,N
194375,SIERRAS OF COLORADO,2014-12-02,L66186,06483D,352,Medium-Term,9010_9130,2014,96.8,FALSE,Personal,N
193370,USDOL OSHA FT LAUDERDALE AO,2014-11-13,L65479,02696C,35,Short-Term,9010_9130,2014,0,FALSE,Personal,N
193355,GRANITE DIRECT FABRICATION LLC,2014-11-13,L65288,02908C,158,Medium-Term,9010_9130,2014,0,FALSE,Personal,N
193357,GRANITE DIRECT FABRICATION LLC,2014-11-13,L65291,02625C,164,Medium-Term,9010_9130,2014,0,FALSE,Personal,N
193357,GRANITE DIRECT FABRICATION LLC,2014-11-13,L65292,02898C,99,Short-Term,9010_9130,2014,0,FALSE,Personal,N
193355,GRANITE DIRECT FABRICATION LLC,2014-11-13,L65287,02505C,107,Short-Term,9010_9130,2014,0,FALSE,Personal,N
193358,GRANITE DIRECT FABRICATION LLC,2014-11-13,L65285,02897C,174,Medium-Term,9010_9130,2014,0,FALSE,Personal,N
193358,GRANITE DIRECT FABRICATION LLC,2014-11-13,L65286,02895C,154,Medium-Term,9010_9130,2014,0,FALSE,Personal,N
193355,GRANITE DIRECT FABRICATION LLC,2014-11-13,L65289,02805C,184,Medium-Term,9010_9130,2014,0,FALSE,Personal,N
193357,GRANITE DIRECT FABRICATION LLC,2014-11-13,L65290,02729C,176,Medium-Term,9010_9130,2014,0,FALSE,Personal,N
193358,GRANITE DIRECT FABRICATION LLC,2014-11-13,L65284,02536C,109,Short-Term,9010_9130,2014,0,FALSE,Personal,N
192967,PINCKARD VAULT AND MARBLE WORKS INC,2014-11-06,L65067,02861C,213,Medium-Term,9010_9130,2014,73.03200000000001,FALSE,Personal,N
192966,PINCKARD VAULT AND MARBLE WORKS INC,2014-11-06,L65066,02582C,224,Medium-Term,9010_9130,2014,155.88,FALSE,Personal,N
192968,PINCKARD VAULT AND MARBLE WORKS INC,2014-11-06,L65068,02611C,208,Medium-Term,9010_9130,2014,46.242,FALSE,Personal,N
192752,OPUSTONE LLC,2014-11-04,L64897,JHSI-02,70,Short-Term,9010_9130,2014,0,FALSE,Personal,N
192752,OPUSTONE LLC,2014-11-04,L64896,JHSI-01,300,Medium-Term,9010_9130,2014,44.88,FALSE,Personal,N
184792,ALLEN CONSTRUCTION SERVICES INC,2014-10-22,L64510,02394C,10,Task-Based,9010_9130,2014,0,FALSE,Personal,N
184793,ALLEN CONSTRUCTION SERVICES INC,2014-10-22,L64509,02385C,49,Short-Term,9010_9130,2014,0,FALSE,Personal,N
184516,JP MARBLE AND GRANITE LLC,2014-10-15,L63987,00979C,78,Short-Term,9010_9130,2014,129.48000000000002,FALSE,Personal,N
184515,JP MARBLE AND GRANITE LLC,2014-10-15,L63986,00992C,209,Medium-Term,9010_9130,2014,47.67400000000001,FALSE,Personal,N
191272,ENDLESS MOUNTAIN STONE COMPANY,2014-10-09,L63723,R3JC318,72,Short-Term,9010_9130,2014,0,FALSE,Personal,N
191262,USDOL OSHA,2014-10-09,L63721,R3JC320,108,Short-Term,9010_9130,2014,0,FALSE,Personal,Y
191266,ENDLESS MOUNTAIN STONE COMPANY,2014-10-09,L63722,R3JC315,70,Short-Term,9010_9130,2014,0,FALSE,Personal,N
184267,JP MARBLE AND GRANITE LLC,2014-10-01,L63833,00803C,39,Short-Term,9010_9130,2014,202.99999999999997,FALSE,Personal,N
184268,JP MARBLE AND GRANITE LLC,2014-10-01,L63832,00760C,38,Short-Term,9010_9130,2014,0,FALSE,Personal,N
190591,MESA TILE AND STONE INC,2014-09-29,L63456,Y0302,270,Medium-Term,9010_9130,2014,29.328,FALSE,Personal,N
190592,MESA TILE AND STONE INC,2014-09-29,L63454,Z6072,275,Medium-Term,9010_9130,2014,38.88,FALSE,Personal,N
190593,MESA TILE AND STONE INC,2014-09-29,L63449,Z5775,275,Medium-Term,9010_9130,2014,0,FALSE,Personal,N
190587,MESA TILE AND STONE INC,2014-09-29,L63453,6788B,214,Medium-Term,9010_9130,2014,41.22,FALSE,Personal,N
190551,MESA TILE AND STONE INC,2014-09-29,L63448,9801A,225,Medium-Term,9010_9130,2014,0,FALSE,Personal,N
190590,MESA TILE AND STONE INC,2014-09-29,L63452,9874A,215,Medium-Term,9010_9130,2014,0,FALSE,Personal,N
190589,MESA TILE AND STONE INC,2014-09-29,L63451,6819B,212,Medium-Term,9010_9130,2014,53.59,FALSE,Personal,N
190588,MESA TILE AND STONE INC,2014-09-29,L63450,9871A,238,Medium-Term,9010_9130,2014,0,FALSE,Personal,N
190594,MESA TILE AND STONE INC,2014-09-29,L63455,0407A,275,Medium-Term,9010_9130,2014,0,FALSE,Personal,N
189734,ALABAMA MARBLE COMPANY CO INC,2014-09-16,L63025,P-2,422,Long-Term,9010_9130,2014,0,FALSE,Personal,N
189730,ALABAMA MARBLE COMPANY CO INC,2014-09-16,L63026,P-3A,471,Long-Term,9010_9130,2014,0,FALSE,Personal,N
189735,ALABAMA MARBLE COMPANY CO INC,2014-09-16,L63024,P-1,480,Long-Term,9010_9130,2014,0,FALSE,Personal,N
187447,DANGELO DISTRIBUTORS INC,2014-08-20,L61611,03826C,125,Medium-Term,9010_9130,2014,134.09,FALSE,Personal,Y
187448,DANGELO DISTRIBUTORS INC,2014-08-20,L61612,03825C,60,Short-Term,9010_9130,2014,469.39500000000004,FALSE,Personal,Y
186883,KEITHS QUALITY MARBLE AND GRANITE INC,2014-08-13,L61321,00473C,250,Medium-Term,9010_9130,2014,109.72,FALSE,Personal,N
186883,KEITHS QUALITY MARBLE AND GRANITE INC,2014-08-13,L61322,02914C,190,Medium-Term,9010_9130,2014,174.42000000000002,FALSE,Personal,N
186885,KEITHS QUALITY MARBLE AND GRANITE INC,2014-08-13,L61323,7239A,245,Medium-Term,9010_9130,2014,699.96,FALSE,Personal,N
186885,KEITHS QUALITY MARBLE AND GRANITE INC,2014-08-13,L61324,03699C,190,Medium-Term,9010_9130,2014,589.95,FALSE,Personal,N
186887,KEITHS QUALITY MARBLE AND GRANITE INC,2014-08-13,L61325,00462C,240,Medium-Term,9010_9130,2014,57.36,FALSE,Personal,N
186887,KEITHS QUALITY MARBLE AND GRANITE INC,2014-08-13,L61326,03747C,190,Medium-Term,9010_9130,2014,36.864000000000004,FALSE,Personal,N
186888,KEITHS QUALITY MARBLE AND GRANITE INC,2014-08-13,L61327,00463C,235,Medium-Term,9010_9130,2014,602,FALSE,Personal,N
186888,KEITHS QUALITY MARBLE AND GRANITE INC,2014-08-13,L61328,03877C,190,Medium-Term,9010_9130,2014,192.22000000000003,FALSE,Personal,N
186891,KEITHS QUALITY MARBLE AND GRANITE INC,2014-08-13,L61319,03687C,360,Long-Term,9010_9130,2014,0,FALSE,Personal,N
186487,GRANITE AND MARBLE DESIGNS LLC,2014-08-06,L60958,9353A,477,Long-Term,9010_9130,2014,16.896,FALSE,Personal,N
186488,GRANITE AND MARBLE DESIGNS LLC,2014-08-06,L60959,9413A,473,Long-Term,9010_9130,2014,67.9,FALSE,Personal,N
186490,GRANITE AND MARBLE DESIGNS LLC,2014-08-06,L60961,9415A,474,Long-Term,9010_9130,2014,24.51,FALSE,Personal,N
186489,GRANITE AND MARBLE DESIGNS LLC,2014-08-06,L60960,9834A,473,Long-Term,9010_9130,2014,19.404,FALSE,Personal,N
185405,MENO STONE CO INC,2014-07-23,L60404,01310C,300,Medium-Term,9010_9130,2014,0,FALSE,Personal,N
185405,MENO STONE CO INC,2014-07-23,L60405,01413C,90,Short-Term,9010_9130,2014,0,FALSE,Personal,N
185406,MENO STONE CO INC,2014-07-23,L60402,01305C,300,Medium-Term,9010_9130,2014,0,FALSE,Personal,N
185406,MENO STONE CO INC,2014-07-23,L60403,01325C,90,Short-Term,9010_9130,2014,0,FALSE,Personal,N
184909,SANDS ENTERPRISES INC,2014-07-14,L60087,7160A,417,Long-Term,9010_9130,2014,24.3,FALSE,Personal,N
184906,SANDS ENTERPRISES INC,2014-07-14,L60086,00726C,423,Long-Term,9010_9130,2014,0,FALSE,Personal,N
184905,SANDS ENTERPRISES INC,2014-07-14,L60085,00464C,415,Long-Term,9010_9130,2014,22,FALSE,Personal,N
184900,SANDS ENTERPRISES INC,2014-07-14,L60084,01251C,410,Long-Term,9010_9130,2014,0,FALSE,Personal,N
184154,STONE CRAFTERS INC,2014-07-01,L59869,01194C,510,Long-Term,9010_9130,2014,53.6,FALSE,Personal,N
184153,STONE CRAFTERS INC,2014-07-01,L59871,01226C,474,Long-Term,9010_9130,2014,23.66,FALSE,Personal,N
184152,STONE CRAFTERS INC,2014-07-01,L59870,01225C,400,Long-Term,9010_9130,2014,26.320000000000004,FALSE,Personal,N
184151,STONE CRAFTERS INC,2014-07-01,L59868,00725C,478,Long-Term,9010_9130,2014,0,FALSE,Personal,N
436075105,UNITED GRANITE LLC,2014-06-26,L59159,03068C,189,Medium-Term,9010_9130,2014,0,FALSE,Personal,N
436075113,UNITED GRANITE LLC,2014-06-26,L59160,03315C,375,Long-Term,9010_9130,2014,0,FALSE,Personal,N
436075121,UNITED GRANITE LLC,2014-06-26,L59161,03081C,267,Medium-Term,9010_9130,2014,0,FALSE,Personal,N
183485,GRANITE BY DESIGN,2014-06-25,L59057,7634A,441,Long-Term,9010_9130,2014,52.7,FALSE,Personal,N
183484,GRANITE BY DESIGN,2014-06-25,L59056,01439C,437,Long-Term,9010_9130,2014,602.64,FALSE,Personal,N
183483,GRANITE BY DESIGN,2014-06-25,L59055,7514A,441,Long-Term,9010_9130,2014,84,FALSE,Personal,N
182926,ROMA TILE AND MARBLE,2014-06-19,L58669,D1186,375,Long-Term,9010_9130,2014,0,FALSE,Personal,N
182924,ROMA TILE AND MARBLE,2014-06-19,L58670,D1187,371,Long-Term,9010_9130,2014,0,FALSE,Personal,N
183024,STONE CONCEPTS OF COLORADO INC,2014-06-17,L58687,9842A,443,Long-Term,9010_9130,2014,0,FALSE,Personal,N
183025,STONE CONCEPTS OF COLORADO INC,2014-06-17,L58688,01075C,442,Long-Term,9010_9130,2014,0,FALSE,Personal,N
183023,STONE CONCEPTS OF COLORADO INC,2014-06-17,L58686,00808C,450,Long-Term,9010_9130,2014,0,FALSE,Personal,N
181952,MASSGRANITE INC,2014-06-06,L58062,2872A,213,Medium-Term,9010_9130,2014,28.050000000000004,FALSE,Personal,N
181953,MASSGRANITE INC,2014-06-06,L58063,Z2196,229,Medium-Term,9010_9130,2014,0,FALSE,Personal,N
175030,BLAST CRAFT SERVICE INC,2014-04-08,L54191,B-4,480,Long-Term,9010_9130,2014,0,FALSE,Personal,Y
175031,BLAST CRAFT SERVICE INC,2014-04-08,L54186,B-5,403,Long-Term,9010_9130,2014,0,FALSE,Personal,Y
175035,BLAST CRAFT SERVICE INC,2014-04-08,L54188,B-7,463,Long-Term,9010_9130,2014,47.08,FALSE,Personal,Y
175037,BLAST CRAFT SERVICE INC,2014-04-08,L54189,B-8,434,Long-Term,9010_9130,2014,0,FALSE,Personal,Y
175032,BLAST CRAFT SERVICE INC,2014-04-08,L54187,B-6,466,Long-Term,9010_9130,2014,0,FALSE,Personal,Y
173891,DORIC SOUTH INC,2014-03-26,L53749,DS 03,265,Medium-Term,9010_9130,2014,0,FALSE,Personal,N
173893,USDOL OSHA MOBILE,2014-03-26,L53748,DS 04,470,Long-Term,9010_9130,2014,0,FALSE,Personal,N
173890,DORIC SOUTH INC,2014-03-26,L53750,DS 02,460,Long-Term,9010_9130,2014,0,FALSE,Personal,N
173889,DORIC SOUTH INC,2014-03-26,L53751,DS 01,460,Long-Term,9010_9130,2014,0,FALSE,Personal,N
173280,MEZGER ENTERPRISES LTD,2014-03-19,L53071,5952A,466,Long-Term,9010_9130,2014,0,FALSE,Personal,N
173278,MEZGER ENTERPRISES LTD,2014-03-19,L53070,6190A,470,Long-Term,9010_9130,2014,0,FALSE,Personal,N
172628,BRAVO MARBLE AND GRANITE INC,2014-03-13,L52617,3496A,46,Short-Term,9010_9130,2014,1354.64,FALSE,Personal,N
172628,BRAVO MARBLE AND GRANITE INC,2014-03-13,L52618,0874A,39,Short-Term,9010_9130,2014,692.34,FALSE,Personal,N
167181,STONEWORLD DESIGN LLC,2014-03-12,L52626,8503A,458,Long-Term,9010_9130,2014,41.82,FALSE,Personal,N
172276,5 STARS GRANITE LLC,2014-03-10,L52603,3358B,40,Short-Term,9010_9130,2014,0,FALSE,Personal,N
172276,5 STARS GRANITE LLC,2014-03-10,L52602,0682A,56,Short-Term,9010_9130,2014,243.24,FALSE,Personal,N
172276,5 STARS GRANITE LLC,2014-03-10,L52601,0715A,119,Short-Term,9010_9130,2014,0,FALSE,Personal,N
165209,STONEWORLD DESIGN LLC,2014-02-20,L51714,3390A,434,Long-Term,9010_9130,2014,28.86,FALSE,Personal,N
165373,STONEWORLD DESIGN LLC,2014-02-20,L51715,9080A,434,Long-Term,9010_9130,2014,194.13000000000002,FALSE,Personal,N
170531,VENEER CAST STONE INC,2014-02-19,L51693,01037C,66,Short-Term,9010_9130,2014,0,FALSE,Personal,N
170530,VENEER CAST STONE INC,2014-02-19,L51692,00826C,60,Short-Term,9010_9130,2014,0,FALSE,Personal,N
170055,TELLURIDE STONE COMPANY,2014-02-13,L51316,01090C,455,Long-Term,9010_9130,2014,177,FALSE,Personal,N
170054,TELLURIDE STONE COMPANY,2014-02-13,L51314,00700C,446,Long-Term,9010_9130,2014,76.67999999999999,FALSE,Personal,N
170053,TELLURIDE STONE COMPANY,2014-02-13,L51315,00956C,450,Long-Term,9010_9130,2014,129.15,FALSE,Personal,N
170342,ALL MARBLE GRANITE AND TILE IMPORTS INC,2014-02-12,L51456,00866C,491,Long-Term,9010_9130,2014,19,FALSE,Personal,N
170344,ALL MARBLE GRANITE AND TILE IMPORTS INC,2014-02-12,L51457,01041C,498,Long-Term,9010_9130,2014,0,FALSE,Personal,N
170345,ALL MARBLE GRANITE AND TILE IMPORTS INC,2014-02-12,L51454,01055C,499,Long-Term,9010_9130,2014,23.200000000000003,FALSE,Personal,N
169779,CUTTING EDGE GRANITE,2014-01-22,L51168,9826A,451,Long-Term,9010_9130,2014,37.98,FALSE,Personal,N
169780,CUTTING EDGE GRANITE,2014-01-22,L51169,9421A,409,Long-Term,9010_9130,2014,182.75,FALSE,Personal,N
168307,GRANITE DIRECT LLC,2014-01-16,L50144,GD6,198,Medium-Term,9010_9130,2014,45.6,FALSE,Personal,Y
168308,GRANITE DIRECT LLC,2014-01-16,L50141,GD3,255,Medium-Term,9010_9130,2014,184.6,FALSE,Personal,Y
168308,GRANITE DIRECT LLC,2014-01-16,L50142,GD4,197,Medium-Term,9010_9130,2014,96.6,FALSE,Personal,Y
168307,GRANITE DIRECT LLC,2014-01-16,L50143,GD5,262,Medium-Term,9010_9130,2014,240.48,FALSE,Personal,Y
164842,WHOLESALE GRANITE TOPS CORP,2014-01-16,L51354,00095C,433,Long-Term,9010_9130,2014,30.099999999999998,FALSE,Personal,N
168316,GRANITE DIRECT LLC,2014-01-16,L50140,GD9,457,Long-Term,9010_9130,2014,95.34,FALSE,Personal,Y
168312,GRANITE DIRECT LLC,2014-01-16,L50145,GD7,264,Medium-Term,9010_9130,2014,737.4,FALSE,Personal,Y
168312,GRANITE DIRECT LLC,2014-01-16,L50146,GD8,197,Medium-Term,9010_9130,2014,128.94,FALSE,Personal,Y
168381,GRAND STONE LLC,2014-01-16,L50233,00684C,440,Long-Term,9010_9130,2014,144.78,FALSE,Personal,Y
168376,GRAND STONE LLC,2014-01-16,L50235,00813C,435,Long-Term,9010_9130,2014,0,FALSE,Personal,Y
168379,GRAND STONE LLC,2014-01-16,L50234,00489C,458,Long-Term,9010_9130,2014,0,FALSE,Personal,Y
167528,NATURAL GRANITE AND CABINETS INC,2014-01-07,L49673,SA14026,51,Short-Term,9010_9130,2014,0,FALSE,Personal,N
162120,SUPERIOR INTERIORS OF COLORADO LLC,2013-12-19,L49497,5943A,305,Medium-Term,9010_9130,2013,0,FALSE,Personal,N
166890,FBC HOME CONCEPT LLC,2013-12-18,L49210,9497A,284,Medium-Term,9010_9130,2013,0,FALSE,Personal,N
166038,WEST FLORIDA DISTRIBUTORS,2013-12-04,L48463,5132A,445,Long-Term,9010_9130,2013,244.68,FALSE,Personal,N
165982,PARAGON GRANITE AND MARBLE,2013-12-04,L48546,9860A,446,Long-Term,9010_9130,2013,64.47,FALSE,Personal,N
165981,PARAGON GRANITE AND MARBLE,2013-12-03,L48547,9250A,448,Long-Term,9010_9130,2013,13.824,FALSE,Personal,N
165980,PARAGON GRANITE AND MARBLE,2013-12-03,L48548,9831A,450,Long-Term,9010_9130,2013,22.23,FALSE,Personal,N
165530,NATURAL STONE SOLUTIONS FINEST OF SARASOTA LLC,2013-11-21,L48888,01,419,Long-Term,9010_9130,2013,49.4,FALSE,Personal,N
165525,NATURAL STONE SOLUTIONS FINEST OF SARASOTA LLC,2013-11-21,L48889,02,438,Long-Term,9010_9130,2013,40.11,FALSE,Personal,N
165136,RIESTRAS KITCHEN AND BATH,2013-11-15,L47714,9451A,359,Medium-Term,9010_9130,2013,0,FALSE,Personal,N
165119,MAGMA GRANITE AND MARBLE LLC,2013-11-14,L47591,4823A,186,Medium-Term,9010_9130,2013,60.52,FALSE,Personal,Y
165118,MAGMA GRANITE AND MARBLE LLC,2013-11-14,L47590,8325A,68,Short-Term,9010_9130,2013,0,FALSE,Personal,Y
165124,USDOL OSHA,2013-11-14,L47588,4822A,305,Medium-Term,9010_9130,2013,0,FALSE,Personal,Y
165134,RIESTRAS KITCHEN AND BATH,2013-11-14,L47715,9824A,358,Medium-Term,9010_9130,2013,0,FALSE,Personal,N
165118,MAGMA GRANITE AND MARBLE LLC,2013-11-14,L47589,4837A,244,Medium-Term,9010_9130,2013,0,FALSE,Personal,Y
164515,BROWNSTONE MEMORIALS INC,2013-11-06,L47527,8087A,272,Medium-Term,9010_9130,2013,0,FALSE,Personal,N
163734,DIXIE GRANITE CO INC,2013-10-31,L46758,4591A,420,Long-Term,9010_9130,2013,0,FALSE,Personal,N
163907,DIXIE GRANITE CO INC,2013-10-31,L46759,4322A,363,Long-Term,9010_9130,2013,0,FALSE,Personal,N
161763,WINDMILL COUNTERTOPS,2013-09-27,L45673,7838A,455,Long-Term,9010_9130,2013,15.08,FALSE,Personal,Y
161762,WINDMILL COUNTERTOPS,2013-09-27,L45672,8391A,465,Long-Term,9010_9130,2013,24.7,FALSE,Personal,Y
161760,WINDMILL COUNTERTOPS,2013-09-27,L45671,8230A,465,Long-Term,9010_9130,2013,0,FALSE,Personal,Y
161528,MEMORIAL MONUMENTS AND VAULTS INC,2013-09-24,L45483,7914A,434,Long-Term,9010_9130,2013,0,FALSE,Personal,N
161527,MEMORIAL MONUMENTS AND VAULTS INC,2013-09-24,L45482,7817A,181,Medium-Term,9010_9130,2013,44.56,FALSE,Personal,N
161526,MEMORIAL MONUMENTS AND VAULTS INC,2013-09-24,L45479,7878A,455,Long-Term,9010_9130,2013,0,FALSE,Personal,N
161527,MEMORIAL MONUMENTS AND VAULTS INC,2013-09-24,L45481,7901A,213,Medium-Term,9010_9130,2013,0,FALSE,Personal,N
161525,MEMORIAL MONUMENTS AND VAULTS INC,2013-09-24,L45480,7816A,445,Long-Term,9010_9130,2013,0,FALSE,Personal,N
160744,GRANITE TRANSFORMATIONS,2013-09-10,L45119,1410B,74,Short-Term,9010_9130,2013,0,FALSE,Personal,N
160747,GRANITE TRANSFORMATIONS,2013-09-10,L45120,5019B,82,Short-Term,9010_9130,2013,0,FALSE,Personal,N
160314,GRANITE WORLD OF COLORADO LLC,2013-09-06,L44859,8545A,390,Long-Term,9010_9130,2013,0,FALSE,Personal,N
160294,GRANITE WORLD OF COLORADO LLC,2013-09-06,L44860,8810A,394,Long-Term,9010_9130,2013,37.6,FALSE,Personal,N
160275,GRANITE WORLD OF COLORADO LLC,2013-09-06,L44861,9647A,392,Long-Term,9010_9130,2013,0,FALSE,Personal,N
160334,GRANITE WORLD OF COLORADO LLC,2013-09-06,L44858,8567A,368,Long-Term,9010_9130,2013,0,FALSE,Personal,N
156955,STONEWORKS OF COLORADO LLC,2013-08-23,L44225,8558A,331,Medium-Term,9010_9130,2013,40.040000000000006,FALSE,Personal,N
156958,BANDERAS STONE SUPPLY INC,2013-08-22,L44205,8593A,297,Medium-Term,9010_9130,2013,5389.6,FALSE,Personal,Y
157078,STONEWORKS OF COLORADO LLC,2013-08-22,L44227,8916A,428,Long-Term,9010_9130,2013,61.56,FALSE,Personal,N
157079,STONEWORKS OF COLORADO LLC,2013-08-22,L44228,8580A,422,Long-Term,9010_9130,2013,66.3,FALSE,Personal,N
157080,STONEWORKS OF COLORADO LLC,2013-08-22,L44229,9049A,424,Long-Term,9010_9130,2013,65.52,FALSE,Personal,N
156957,BANDERAS STONE SUPPLY INC,2013-08-22,L44206,8502A,439,Long-Term,9010_9130,2013,2301.63,FALSE,Personal,Y
157077,STONEWORKS OF COLORADO LLC,2013-08-22,L44226,8564A,432,Long-Term,9010_9130,2013,24.119999999999997,FALSE,Personal,N
150556,SUMMIT STONE WORKS INC,2013-07-30,L43133,9227A,362,Long-Term,9010_9130,2013,0,FALSE,Personal,N
150555,SUMMIT STONE WORKS INC,2013-07-30,L43132,8845A,360,Long-Term,9010_9130,2013,0,FALSE,Personal,N
150554,SUMMIT STONE WORKS INC,2013-07-30,L43131,9221A,360,Long-Term,9010_9130,2013,0,FALSE,Personal,N
150979,GRANITE CREATIONS,2013-07-30,L43172,7620B,297,Medium-Term,9010_9130,2013,0,FALSE,Personal,N
153973,CLASSIC MARBLE AND GRANITE INC,2013-07-23,L43869,1590A,507,Long-Term,9010_9130,2013,89.16,FALSE,Personal,N
153966,CLASSIC MARBLE AND GRANITE INC,2013-07-23,L43868,Z6670,513,Long-Term,9010_9130,2013,82.792,FALSE,Personal,N
153961,CLASSIC MARBLE AND GRANITE INC,2013-07-23,L43867,7227A,288,Medium-Term,9010_9130,2013,39.839999999999996,FALSE,Personal,N
148616,FUSION INDUSTRIES LLC,2013-07-16,L42598,SD01,458,Long-Term,9010_9130,2013,235.62,FALSE,Personal,N
149236,FUSION INDUSTRIES LLC,2013-07-16,L42597,SD02,397,Long-Term,9010_9130,2013,0,FALSE,Personal,N
147334,BEVEL GRANITE COMPANY INC,2013-07-12,L42235,9064A,411,Long-Term,9010_9130,2013,0,FALSE,Personal,N
147335,BEVEL GRANITE COMPANY INC,2013-07-12,L42236,9085A,342,Medium-Term,9010_9130,2013,0,FALSE,Personal,N
147138,STONE WORKS MARBLE AND GRANITE,2013-07-11,L42162,8885A,307,Medium-Term,9010_9130,2013,0,FALSE,Personal,N
145615,STONE SYSTEMS OF NEW ENGLAND LLC,2013-06-27,L41645,9103A,476,Long-Term,9010_9130,2013,441.76,FALSE,Personal,N
145616,STONE SYSTEMS OF NEW ENGLAND LLC,2013-06-27,L41643,8601A,474,Long-Term,9010_9130,2013,23.799999999999997,FALSE,Personal,N
145617,STONE SYSTEMS OF NEW ENGLAND LLC,2013-06-27,L41647,8596A,192,Medium-Term,9010_9130,2013,679.32,FALSE,Personal,N
145617,STONE SYSTEMS OF NEW ENGLAND LLC,2013-06-27,L41648,9086A,90,Short-Term,9010_9130,2013,6525.540000000001,FALSE,Personal,N
140612,GRAND STONE LLC,2013-06-26,L41405,Y6358,414,Long-Term,9010_9130,2013,706.18,FALSE,Personal,Y
140631,GRAND STONE LLC,2013-06-26,L41404,Z2717,460,Long-Term,9010_9130,2013,96.66,FALSE,Personal,Y
140611,GRAND STONE LLC,2013-06-26,L41406,Z2698,465,Long-Term,9010_9130,2013,740.0100000000001,FALSE,Personal,Y
140598,GRAND STONE LLC,2013-06-26,L41407,Z4759,465,Long-Term,9010_9130,2013,249.76000000000002,FALSE,Personal,Y
138759,EUROPEAN MARBLE CO INC,2013-06-11,L40485,7595A,379,Long-Term,9010_9130,2013,0,FALSE,Personal,N
138758,EUROPEAN MARBLE CO INC,2013-06-11,L40484,7619A,385,Long-Term,9010_9130,2013,0,FALSE,Personal,N
138757,EUROPEAN MARBLE CO INC,2013-06-11,L40483,8758A,167,Medium-Term,9010_9130,2013,0,FALSE,Personal,N
138004,MOUNTAIN STATE STONE,2013-05-31,L39905,7265A,302,Medium-Term,9010_9130,2013,42.9,FALSE,Personal,N
138044,THE DENVER MARBLE COMPANY,2013-05-31,L39969,7176A,455,Long-Term,9010_9130,2013,14.690000000000001,FALSE,Personal,N
138045,THE DENVER MARBLE COMPANY,2013-05-31,L39970,7124A,451,Long-Term,9010_9130,2013,0,FALSE,Personal,N
138047,THE DENVER MARBLE COMPANY,2013-05-31,L39971,7513A,449,Long-Term,9010_9130,2013,0,FALSE,Personal,N
138048,THE DENVER MARBLE COMPANY,2013-05-31,L39972,6986A,437,Long-Term,9010_9130,2013,0,FALSE,Personal,N
137665,CUTTING EDGE GRANITE,2013-05-28,L39803,7323A,451,Long-Term,9010_9130,2013,49.59,FALSE,Personal,N
137907,CUTTING EDGE GRANITE,2013-05-28,L39804,7436A,295,Medium-Term,9010_9130,2013,115.5,FALSE,Personal,N
137413,SIGNATURE GRANITE LLC,2013-05-22,L39775,0298A,435,Long-Term,9010_9130,2013,0,FALSE,Personal,N
137415,SIGNATURE GRANITE LLC,2013-05-22,L39776,0266A,435,Long-Term,9010_9130,2013,0,FALSE,Personal,N
137305,NEXT LEVEL MARBLE AND GRANITE INC,2013-05-20,L39473,5752A,134,Medium-Term,9010_9130,2013,326.8,FALSE,Personal,N
137124,CULTURED MARBLE OF CULLMAN,2013-05-16,L39023,CMCS02,477,Long-Term,9010_9130,2013,0,FALSE,Personal,N
137123,CULTURED MARBLE OF CULLMAN,2013-05-16,L39022,CMCS01,478,Long-Term,9010_9130,2013,0,FALSE,Personal,N
135926,PYRAMID STONE COMPANY,2013-05-01,L38491,7648B,441,Long-Term,9010_9130,2013,17,FALSE,Personal,N
135947,PYRAMID STONE COMPANY,2013-05-01,L38492,7855B,424,Long-Term,9010_9130,2013,0,FALSE,Personal,N
134930,FACTORY PLAZA INC,2013-04-29,L38021,JA-04,431,Long-Term,9010_9130,2013,0,FALSE,Personal,Y
134928,FACTORY PLAZA INC,2013-04-29,L38020,PG -03,439,Long-Term,9010_9130,2013,14.121000000000002,FALSE,Personal,Y
134926,FACTORY PLAZA INC,2013-04-29,L38019,RW-01,459,Long-Term,9010_9130,2013,0,FALSE,Personal,Y
134933,FACTORY PLAZA INC,2013-04-26,L38018,6046A,439,Long-Term,9010_9130,2013,0,FALSE,Personal,Y
134877,REVOLUTION GRANITE LLC,2013-04-21,L37929,0503A,26,Task-Based,9010_9130,2013,0,FALSE,Personal,N
134149,F PAIVA MARBLE AND GRANITE,2013-04-11,L37135,1165B,124,Medium-Term,9010_9130,2013,0,FALSE,Personal,N
134155,F PAIVA MARBLE AND GRANITE,2013-04-11,L37136,4925B,116,Short-Term,9010_9130,2013,0,FALSE,Personal,N
134702,FRANGIOSO GRANITE INC,2013-04-08,L37566,04-01,331,Medium-Term,9010_9130,2013,77.48,FALSE,Personal,N
133698,BIRMINGHAM MARBLEWORKS LLC,2013-04-04,L36745,4974A,295,Medium-Term,9010_9130,2013,0,FALSE,Personal,N
133697,BIRMINGHAM MARBLEWORKS LLC,2013-04-04,L36744,6738A,290,Medium-Term,9010_9130,2013,0,FALSE,Personal,N
132811,NATIONAL GRANITE LUXURIES,2013-03-26,L36225,5707A,220,Medium-Term,9010_9130,2013,0,FALSE,Personal,N
132811,NATIONAL GRANITE LUXURIES,2013-03-26,L36226,6075A,240,Medium-Term,9010_9130,2013,0,FALSE,Personal,N
434812731,ONYX CREATIONS,2013-03-22,L36400,5213A,371,Long-Term,9010_9130,2013,0,FALSE,Personal,N
434812749,ONYX CREATIONS,2013-03-22,L36401,5234A,385,Long-Term,9010_9130,2013,0,FALSE,Personal,N
132810,NATIONAL GRANITE LUXURIES,2013-03-22,L36224,5806A,376,Long-Term,9010_9130,2013,0,FALSE,Personal,N
132815,NATIONAL GRANITE LUXURIES,2013-03-22,L36229,5669A,222,Medium-Term,9010_9130,2013,0,FALSE,Personal,N
434812723,ONYX CREATIONS,2013-03-22,L36402,5043A,383,Long-Term,9010_9130,2013,0,FALSE,Personal,N
132813,NATIONAL GRANITE LUXURIES,2013-03-22,L36227,6200A,229,Medium-Term,9010_9130,2013,0,FALSE,Personal,N
132815,NATIONAL GRANITE LUXURIES,2013-03-22,L36230,5497A,227,Medium-Term,9010_9130,2013,0,FALSE,Personal,N
132813,NATIONAL GRANITE LUXURIES,2013-03-22,L36228,5695A,225,Medium-Term,9010_9130,2013,0,FALSE,Personal,N
132118,FREEWAY MARBLE AND GRANITE,2013-03-14,L35560,6585A,461,Long-Term,9010_9130,2013,18.62,FALSE,Personal,N
132116,FREEWAY MARBLE AND GRANITE,2013-03-14,L35559,6423A,286,Medium-Term,9010_9130,2013,21.56,FALSE,Personal,N
132096,COUNTER INTELLIGENCE INC,2013-03-13,L35568,7366A,65,Short-Term,9010_9130,2013,0,FALSE,Personal,N
132124,COUNTER INTELLIGENCE INC,2013-03-13,L35563,7078A,188,Medium-Term,9010_9130,2013,0,FALSE,Personal,N
132123,COUNTER INTELLIGENCE INC,2013-03-13,L35562,7481A,490,Long-Term,9010_9130,2013,28.08,FALSE,Personal,N
132122,COUNTER INTELLIGENCE INC,2013-03-13,L35566,7538A,25,Task-Based,9010_9130,2013,1012.64,FALSE,Personal,N
132096,COUNTER INTELLIGENCE INC,2013-03-13,L35569,7502A,275,Medium-Term,9010_9130,2013,147.68,FALSE,Personal,N
132096,COUNTER INTELLIGENCE INC,2013-03-13,L35570,7589A,110,Short-Term,9010_9130,2013,176.16,FALSE,Personal,N
132101,COUNTER INTELLIGENCE INC,2013-03-13,L35564,7150A,382,Long-Term,9010_9130,2013,82.29,FALSE,Personal,N
132122,COUNTER INTELLIGENCE INC,2013-03-13,L35565,7171A,126,Medium-Term,9010_9130,2013,473.4,FALSE,Personal,N
131710,VALDES MARBLE AND GRANITE INC,2013-03-12,L35339,6221A,75,Short-Term,9010_9130,2013,0,FALSE,Personal,N
131291,COLE BROTHERS MARBLE AND GRANITE,2013-03-08,L35136,7417A,48,Short-Term,9010_9130,2013,155.56799999999998,FALSE,Personal,N
131290,COLE BROTHERS MARBLE AND GRANITE,2013-03-08,L35135,7299A,19,Task-Based,9010_9130,2013,1900.85,FALSE,Personal,N
130270,ADVANTA GRANITE AND STONE LLC,2013-02-26,L34749,7199A,435,Long-Term,9010_9130,2013,217.07999999999998,FALSE,Personal,N
129914,DESIGNERS TOPS INC,2013-02-26,L34690,7320A,203,Medium-Term,9010_9130,2013,0,FALSE,Personal,Y
129914,DESIGNERS TOPS INC,2013-02-26,L34689,7615A,221,Medium-Term,9010_9130,2013,81.25,FALSE,Personal,Y
129915,DESIGNERS TOPS INC,2013-02-26,L34688,7028A,203,Medium-Term,9010_9130,2013,95.28,FALSE,Personal,Y
129915,DESIGNERS TOPS INC,2013-02-26,L34687,7519A,226,Medium-Term,9010_9130,2013,329,FALSE,Personal,Y
129676,PINNACLE STONEWORKS LLC,2013-02-20,L34176,7115A,443,Long-Term,9010_9130,2013,0,FALSE,Personal,N
129680,PINNACLE STONEWORKS LLC,2013-02-20,L34173,6621A,453,Long-Term,9010_9130,2013,0,FALSE,Personal,N
129679,PINNACLE STONEWORKS LLC,2013-02-20,L34174,6602A,383,Long-Term,9010_9130,2013,0,FALSE,Personal,N
129678,PINNACLE STONEWORKS LLC,2013-02-20,L34175,6661A,459,Long-Term,9010_9130,2013,0,FALSE,Personal,N
436561641,PINNACLE HARDWOOD INC,2013-01-31,L33275,6055A,263,Medium-Term,9010_9130,2013,93.84,FALSE,Personal,N
117668,MARBLE AND GRANITE FABRICATORS INC,2013-01-31,L33139,6572A,4,Task-Based,9010_9130,2013,0,FALSE,Personal,N
117669,MARBLE AND GRANITE FABRICATORS INC,2013-01-31,L33138,6557A,10,Task-Based,9010_9130,2013,919.8000000000001,FALSE,Personal,N
117669,MARBLE AND GRANITE FABRICATORS INC,2013-01-31,L33137,6935A,385,Long-Term,9010_9130,2013,23.65,FALSE,Personal,N
117649,COLE BROTHERS MARBLE AND GRANITE,2013-01-30,L33143,6539A,435,Long-Term,9010_9130,2013,88.56,FALSE,Personal,N
117628,COLE BROTHERS MARBLE AND GRANITE,2013-01-30,L33141,6415A,165,Medium-Term,9010_9130,2013,82.35000000000001,FALSE,Personal,N
11269,EMPIRE MARBLE AND GRANITE INC,2013-01-09,L35573,0685A,190,Medium-Term,9010_9130,2013,108.12,FALSE,Personal,N
11268,EMPIRE MARBLE AND GRANITE INC,2013-01-09,L35572,1255A,185,Medium-Term,9010_9130,2013,88.88,FALSE,Personal,N
98429,HENTHORNE STONE LLC,2012-12-05,L30817,6925A,244,Medium-Term,9010_9130,2012,0,FALSE,Personal,N
98429,HENTHORNE STONE LLC,2012-12-05,L30818,6610A,180,Medium-Term,9010_9130,2012,0,FALSE,Personal,N
95528,HENTHORNE STONE LLC,2012-11-28,L30561,112801,5,Task-Based,9010_9130,2012,0,FALSE,Personal,N
95848,MARBLE EMPORIUM INC,2012-11-28,L30685,4240A,75,Short-Term,9010_9130,2012,0,FALSE,Personal,N
93828,LIVING STONE CREATIONS INC,2012-11-16,L30321,9191B,337,Medium-Term,9010_9130,2012,0,FALSE,Personal,Y
92648,ALL GRANITE AND MARBLE CORPORATION,2012-11-15,L30118,R3EW1470,120,Short-Term,9010_9130,2012,0,FALSE,Personal,N
92528,ALL GRANITE AND MARBLE CORPORATION,2012-11-15,L30119,R3EW1468,120,Short-Term,9010_9130,2012,0,FALSE,Personal,N
92708,ALL GRANITE AND MARBLE CORPORATION,2012-11-15,L30117,R3EW1471,120,Short-Term,9010_9130,2012,0,FALSE,Personal,N
436560585,TELLURIDE STONE COMPANY,2012-11-14,L30122,6125A,389,Long-Term,9010_9130,2012,1040.1599999999999,FALSE,Personal,N
436560577,TELLURIDE STONE COMPANY,2012-11-14,L30124,6115A,378,Long-Term,9010_9130,2012,402.8,FALSE,Personal,N
436560569,TELLURIDE STONE COMPANY,2012-11-14,L30123,5889A,393,Long-Term,9010_9130,2012,422.71,FALSE,Personal,N
436560593,TELLURIDE STONE COMPANY,2012-11-14,L30125,5746A,378,Long-Term,9010_9130,2012,210.22,FALSE,Personal,N
89811,URBAN STONEWORKS INC,2012-11-09,L29800,SC-1,420,Long-Term,9010_9130,2012,0,FALSE,Personal,N
89810,URBAN STONEWORKS INC,2012-11-09,L29801,AR-1,420,Long-Term,9010_9130,2012,0,FALSE,Personal,N
89208,FELIX MARBLE AND GRANITE CORP,2012-11-07,L29804,FV-1,293,Medium-Term,9010_9130,2012,0,FALSE,Personal,N
436560890,PINNACLE HARDWOOD INC,2012-10-24,L28953,5244A,380,Long-Term,9010_9130,2012,107.10000000000001,FALSE,Personal,N
87348,CLARK AND SHAW MONUMENT COMPANY INC,2012-10-22,L29543,6018A,150,Medium-Term,9010_9130,2012,0,FALSE,Personal,N
83445,JABS INVESTORS CORP,2012-10-19,L29159,3033A,65,Short-Term,9010_9130,2012,0,FALSE,Personal,N
83445,JABS INVESTORS CORP,2012-10-19,L29158,3279A,257,Medium-Term,9010_9130,2012,0,FALSE,Personal,N
70765,ACER GRANITE CORP,2012-09-26,L27813,5089A,287,Medium-Term,9010_9130,2012,0,FALSE,Personal,N
70745,ACER GRANITE CORP,2012-09-26,L27812,5055A,283,Medium-Term,9010_9130,2012,0,FALSE,Personal,N
67845,HOME BUILDERS ENTERPRISE INC,2012-09-18,L27632,5275A,186,Medium-Term,9010_9130,2012,0,FALSE,Personal,N
67845,HOME BUILDERS ENTERPRISE INC,2012-09-18,L27631,0229A,157,Medium-Term,9010_9130,2012,0,FALSE,Personal,N
67785,HOME BUILDERS ENTERPRISE INC,2012-09-18,L27630,0073A,178,Medium-Term,9010_9130,2012,0,FALSE,Personal,N
67846,HOME BUILDERS ENTERPRISE INC,2012-09-18,L27628,5346A,180,Medium-Term,9010_9130,2012,0,FALSE,Personal,N
67865,HOME BUILDERS ENTERPRISE INC,2012-09-18,L27622,0043A,189,Medium-Term,9010_9130,2012,0,FALSE,Personal,N
67846,HOME BUILDERS ENTERPRISE INC,2012-09-18,L27627,0190A,147,Medium-Term,9010_9130,2012,0,FALSE,Personal,N
67865,HOME BUILDERS ENTERPRISE INC,2012-09-18,L27621,0091A,138,Medium-Term,9010_9130,2012,0,FALSE,Personal,N
67785,HOME BUILDERS ENTERPRISE INC,2012-09-18,L27629,0193A,121,Medium-Term,9010_9130,2012,0,FALSE,Personal,N
65285,ALABAMA STONE COMPANY INC,2012-09-12,L27636,ALS01,200,Medium-Term,9010_9130,2012,46.31400000000001,FALSE,Personal,N
63065,CLEVELAND GRANITE AND MARBLE LLC,2012-09-06,L27203,5538A,187,Medium-Term,9010_9130,2012,0,FALSE,Personal,N
63065,CLEVELAND GRANITE AND MARBLE LLC,2012-09-06,L27202,2725A,228,Medium-Term,9010_9130,2012,0,FALSE,Personal,N
63045,CLEVELAND GRANITE AND MARBLE LLC,2012-09-06,L27201,5181A,192,Medium-Term,9010_9130,2012,0,FALSE,Personal,N
63045,CLEVELAND GRANITE AND MARBLE LLC,2012-09-06,L27200,2663A,213,Medium-Term,9010_9130,2012,0,FALSE,Personal,N
63025,CLEVELAND GRANITE AND MARBLE LLC,2012-09-06,L27199,5091A,190,Medium-Term,9010_9130,2012,0,FALSE,Personal,N
63025,CLEVELAND GRANITE AND MARBLE LLC,2012-09-06,L27198,5516A,235,Medium-Term,9010_9130,2012,0,FALSE,Personal,N
62285,TRIPLE D MARBLE AND GRANITE ENTERPRISES INC,2012-08-31,L27001,1761A,70,Short-Term,9010_9130,2012,0,FALSE,Personal,Y
62285,TRIPLE D MARBLE AND GRANITE ENTERPRISES INC,2012-08-31,L27000,2847A,224,Medium-Term,9010_9130,2012,33.504,FALSE,Personal,Y
62245,TRIPLE D MARBLE AND GRANITE ENTERPRISES INC,2012-08-31,L26999,3803A,91,Short-Term,9010_9130,2012,238.00000000000003,FALSE,Personal,Y
62245,TRIPLE D MARBLE AND GRANITE ENTERPRISES INC,2012-08-31,L26998,3179A,227,Medium-Term,9010_9130,2012,132.64000000000001,FALSE,Personal,Y
61925,TRIPLE D MARBLE AND GRANITE ENTERPRISES INC,2012-08-31,L26997,3287A,92,Short-Term,9010_9130,2012,234,FALSE,Personal,Y
61925,TRIPLE D MARBLE AND GRANITE ENTERPRISES INC,2012-08-31,L26996,3312A,237,Medium-Term,9010_9130,2012,338.2,FALSE,Personal,Y
60407,ROCK HARD GRANITE LLC,2012-08-30,L26963,Z2009,355,Medium-Term,9010_9130,2012,877.99,FALSE,Personal,N
60406,ROCK HARD GRANITE LLC,2012-08-30,L26966,0459A,357,Medium-Term,9010_9130,2012,656.26,FALSE,Personal,N
60405,ROCK HARD GRANITE LLC,2012-08-30,L26965,0928A,365,Long-Term,9010_9130,2012,483.5,FALSE,Personal,N
60385,ROCK HARD GRANITE LLC,2012-08-30,L26964,0464A,337,Medium-Term,9010_9130,2012,0,FALSE,Personal,N
58785,ONYX MARBLE AND GRANITE INC,2012-08-15,L28649,9778B,175,Medium-Term,9010_9130,2012,217.92000000000002,FALSE,Personal,N
58765,ONYX MARBLE AND GRANITE INC,2012-08-15,L28648,9768B,168,Medium-Term,9010_9130,2012,124.06600000000002,FALSE,Personal,N
436560833,BC GRANITE AND MARBLE LLC,2012-08-14,L26032,5239A,392,Long-Term,9010_9130,2012,0,FALSE,Personal,N
436560841,BC GRANITE AND MARBLE LLC,2012-08-14,L26033,4929A,440,Long-Term,9010_9130,2012,18.84,FALSE,Personal,N
436560817,BC GRANITE AND MARBLE LLC,2012-08-14,L26030,4481A,480,Long-Term,9010_9130,2012,0,FALSE,Personal,N
436560825,BC GRANITE AND MARBLE LLC,2012-08-14,L26031,5311A,485,Long-Term,9010_9130,2012,0,FALSE,Personal,N
436560858,BC GRANITE AND MARBLE LLC,2012-08-14,L26034,5371A,439,Long-Term,9010_9130,2012,0,FALSE,Personal,N
50465,CHOICE GRANITE AND MARBLE LLC,2012-08-08,L25735,3473A,430,Long-Term,9010_9130,2012,0,FALSE,Personal,N
436560809,FORT COLLINS MONUMENT AND STONE,2012-07-31,L25451,5050A,189,Medium-Term,9010_9130,2012,0,FALSE,Personal,N
436560791,FORT COLLINS MONUMENT AND STONE,2012-07-31,L25452,5062A,153,Medium-Term,9010_9130,2012,0,FALSE,Personal,N
436560775,ABBEY FABRICATION AND INSTALLATIONS LLC,2012-07-19,L24781,4875A,452,Long-Term,9010_9130,2012,0,FALSE,Personal,N
436559546,ABBEY FABRICATION AND INSTALLATIONS LLC,2012-07-19,L24782,4846A,277,Medium-Term,9010_9130,2012,0,FALSE,Personal,N
436560783,ABBEY FABRICATION AND INSTALLATIONS LLC,2012-07-19,L24783,4922A,163,Medium-Term,9010_9130,2012,0,FALSE,Personal,N
436559678,STONEWORKS OF COLORADO LLC,2012-07-05,L24208,4482A,259,Medium-Term,9010_9130,2012,344.54,FALSE,Personal,N
436559660,STONEWORKS OF COLORADO LLC,2012-07-05,L24209,4593A,472,Long-Term,9010_9130,2012,220.11,FALSE,Personal,N
436559694,STONEWORKS OF COLORADO LLC,2012-07-05,L24206,4308A,471,Long-Term,9010_9130,2012,31.56,FALSE,Personal,N
436559686,STONEWORKS OF COLORADO LLC,2012-07-05,L24207,4579A,473,Long-Term,9010_9130,2012,80.64,FALSE,Personal,N
436559579,STONEWORKS OF COLORADO LLC,2012-07-05,L24210,4300A,472,Long-Term,9010_9130,2012,19.56,FALSE,Personal,N
436559462,BELLAGIO STONE INC,2012-06-27,L23785,4649A,440,Long-Term,9010_9130,2012,21.34,FALSE,Personal,N
436559496,BELLAGIO STONE INC,2012-06-27,L23784,4301A,332,Medium-Term,9010_9130,2012,0,FALSE,Personal,N
436559470,BELLAGIO STONE INC,2012-06-27,L23786,4597A,445,Long-Term,9010_9130,2012,75.89999999999999,FALSE,Personal,N
436559504,VENETIAN MARBLE AND GRANITE,2012-06-26,L23666,4806A,108,Short-Term,9010_9130,2012,0,FALSE,Personal,N
32347,PETRA MARBLE AND DESIGN INC,2012-06-20,L23492,3091A,300,Medium-Term,9010_9130,2012,0,FALSE,Personal,Y
32346,PETRA MARBLE AND DESIGN INC,2012-06-20,L23491,4681A,291,Medium-Term,9010_9130,2012,246.4,FALSE,Personal,Y
32165,PETRA MARBLE AND DESIGN INC,2012-06-18,L23488,3430A,85,Short-Term,9010_9130,2012,0,FALSE,Personal,Y
32345,PETRA MARBLE AND DESIGN INC,2012-06-18,L23489,1339A,80,Short-Term,9010_9130,2012,0,FALSE,Personal,Y
436559264,CUSTOM EDGE MARBLE AND GRANITE LLC,2012-06-13,L23069,2559A,435,Long-Term,9010_9130,2012,0,FALSE,Personal,N
436559330,CUSTOM EDGE MARBLE AND GRANITE LLC,2012-06-13,L23068,4887A,443,Long-Term,9010_9130,2012,15.990000000000002,FALSE,Personal,N
436559272,CUSTOM EDGE MARBLE AND GRANITE LLC,2012-06-13,L23070,4813A,316,Medium-Term,9010_9130,2012,0,FALSE,Personal,N
436464788,CR WORLD GRANITE INC,2012-05-10,L21648,2109A,260,Medium-Term,9010_9130,2012,183.45399999999998,FALSE,Personal,N
436464788,CR WORLD GRANITE INC,2012-05-10,L21649,2047A,117,Short-Term,9010_9130,2012,195.29999999999998,FALSE,Personal,N
436464796,CR WORLD GRANITE INC,2012-05-10,L21647,2111A,420,Long-Term,9010_9130,2012,23.828,FALSE,Personal,N
14999,CROSSWAY ENTERPRISES LLC,2012-05-10,L22273,1451A,383,Long-Term,9010_9130,2012,0,FALSE,Personal,N
20544,CROSSWAY ENTERPRISES LLC,2012-05-10,L22274,1453A,385,Long-Term,9010_9130,2012,0,FALSE,Personal,N
18104,NATURAL STONEWORKS,2012-05-10,L21990,3281A,300,Medium-Term,9010_9130,2012,21.450000000000003,FALSE,Personal,N
18104,NATURAL STONEWORKS,2012-05-10,L21991,3790A,35,Short-Term,9010_9130,2012,0,FALSE,Personal,N
20904,NATURAL STONEWORKS,2012-05-10,L21992,3187A,290,Medium-Term,9010_9130,2012,179.4,FALSE,Personal,N
20904,NATURAL STONEWORKS,2012-05-10,L21993,3061A,169,Medium-Term,9010_9130,2012,0,FALSE,Personal,N
20920,NATURAL STONEWORKS,2012-05-10,L21986,3267A,305,Medium-Term,9010_9130,2012,22.5,FALSE,Personal,N
20920,NATURAL STONEWORKS,2012-05-10,L21987,3193A,158,Medium-Term,9010_9130,2012,46.74,FALSE,Personal,N
20984,NATURAL STONEWORKS,2012-05-10,L21988,3764A,311,Medium-Term,9010_9130,2012,82.25999999999999,FALSE,Personal,N
20984,NATURAL STONEWORKS,2012-05-10,L21989,3184A,159,Medium-Term,9010_9130,2012,0,FALSE,Personal,N
400058319,ROCK TOPS GRANITE AND STONE LLC,2012-05-07,L21636,2747A,240,Medium-Term,9010_9130,2012,60.190000000000005,FALSE,Personal,N
400058301,ROCK TOPS GRANITE AND STONE LLC,2012-05-07,L21635,2712A,240,Medium-Term,9010_9130,2012,835.6800000000001,FALSE,Personal,N
436558803,AG MASONRY CORP,2012-05-02,L20951,3478A,118,Short-Term,9010_9130,2012,0,FALSE,Personal,N
436558803,AG MASONRY CORP,2012-05-02,L20950,3418A,223,Medium-Term,9010_9130,2012,0,FALSE,Personal,N
16999,DIXIE GRANITE CO INC,2012-04-26,L21419,1417A,152,Medium-Term,9010_9130,2012,5427.719999999999,FALSE,Personal,Y
11741,ALL GRANITE AND MARBLE CORPORATION,2012-04-26,L20753,3348B,445,Long-Term,9010_9130,2012,59.428000000000004,FALSE,Personal,N
17039,DIXIE GRANITE CO INC,2012-04-26,L21421,1649A,420,Long-Term,9010_9130,2012,137.56,FALSE,Personal,Y
17059,DIXIE GRANITE CO INC,2012-04-26,L21422,1723A,409,Long-Term,9010_9130,2012,37,FALSE,Personal,Y
17079,DIXIE GRANITE CO INC,2012-04-26,L21418,1500A,385,Long-Term,9010_9130,2012,415.22,FALSE,Personal,Y
16999,DIXIE GRANITE CO INC,2012-04-26,L21420,0413A,277,Medium-Term,9010_9130,2012,1841.4,FALSE,Personal,Y
11740,ALL GRANITE AND MARBLE CORPORATION,2012-04-26,L20752,3252B,448,Long-Term,9010_9130,2012,125.32000000000001,FALSE,Personal,N
11739,ALL GRANITE AND MARBLE CORPORATION,2012-04-26,L20754,3336B,446,Long-Term,9010_9130,2012,263.4,FALSE,Personal,N
436558712,AMERICA MARBLE AND GRANITE INC,2012-04-19,L20345,2981A,449,Long-Term,9010_9130,2012,94.64999999999999,FALSE,Personal,N
436558720,AMERICA MARBLE AND GRANITE INC,2012-04-19,L20344,3654A,448,Long-Term,9010_9130,2012,99.36,FALSE,Personal,N
436558670,AMERICA MARBLE AND GRANITE INC,2012-04-19,L20346,3413A,447,Long-Term,9010_9130,2012,141.24,FALSE,Personal,N
436558662,AMERICA MARBLE AND GRANITE INC,2012-04-19,L20347,3276A,446,Long-Term,9010_9130,2012,184.65,FALSE,Personal,N
436558688,AMERICA MARBLE AND GRANITE INC,2012-04-19,L20343,3602A,454,Long-Term,9010_9130,2012,0,FALSE,Personal,N
9180,MCDERMOTT TOP SHOP LLC,2012-04-17,L20316,3356A,457,Long-Term,9010_9130,2012,0,FALSE,Personal,N
9179,MCDERMOTT TOP SHOP LLC,2012-04-17,L20315,3027A,474,Long-Term,9010_9130,2012,61.8,FALSE,Personal,N
9159,MCDERMOTT TOP SHOP LLC,2012-04-17,L20313,1717A,375,Long-Term,9010_9130,2012,0,FALSE,Personal,N
9139,MCDERMOTT TOP SHOP LLC,2012-04-17,L20314,1707A,377,Long-Term,9010_9130,2012,0,FALSE,Personal,N
436558498,IV GRANITE AND MARBLE INC,2012-04-17,L20338,3859A,172,Medium-Term,9010_9130,2012,0,FALSE,Personal,N
436558472,IV GRANITE AND MARBLE INC,2012-04-17,L20336,4034A,469,Long-Term,9010_9130,2012,15.469999999999999,FALSE,Personal,N
436558480,IV GRANITE AND MARBLE INC,2012-04-17,L20337,3232A,221,Medium-Term,9010_9130,2012,0,FALSE,Personal,N
436558464,SUMMIT STONE WORKS INC,2012-04-11,L19991,3429A,360,Long-Term,9010_9130,2012,269.92,FALSE,Personal,N
436558456,SUMMIT STONE WORKS INC,2012-04-11,L19990,3451A,460,Long-Term,9010_9130,2012,347.38,FALSE,Personal,N
436558449,SUMMIT STONE WORKS INC,2012-04-11,L19989,3002A,469,Long-Term,9010_9130,2012,167.18,FALSE,Personal,N
402169833,CASTLE ROCK MARBLE AND GRANITE INC,2012-04-11,L19924,4272B,340,Medium-Term,9010_9130,2012,0,FALSE,Personal,N
402169825,CASTLE ROCK MARBLE AND GRANITE INC,2012-04-11,L19925,Z3022,345,Medium-Term,9010_9130,2012,0,FALSE,Personal,N
6754,SHAKER HILL GRANITE COMPANY,2012-03-29,L19085,8946B,340,Medium-Term,9010_9130,2012,0,FALSE,Personal,N
6774,SHAKER HILL GRANITE COMPANY,2012-03-29,L19086,9058B,221,Medium-Term,9010_9130,2012,0,FALSE,Personal,N
6774,SHAKER HILL GRANITE COMPANY,2012-03-29,L19087,9108B,169,Medium-Term,9010_9130,2012,0,FALSE,Personal,N
6775,SHAKER HILL GRANITE COMPANY,2012-03-29,L19090,9101B,390,Long-Term,9010_9130,2012,0,FALSE,Personal,N
6776,SHAKER HILL GRANITE COMPANY,2012-03-29,L19088,0217A,204,Medium-Term,9010_9130,2012,0,FALSE,Personal,N
6795,USDOL OSHA CONCORD AREA OFFICE,2012-03-29,L19083,8921B,271,Medium-Term,9010_9130,2012,0,FALSE,Personal,N
6754,SHAKER HILL GRANITE COMPANY,2012-03-29,L19084,9132B,58,Short-Term,9010_9130,2012,0,FALSE,Personal,N
6776,SHAKER HILL GRANITE COMPANY,2012-03-29,L19089,8943B,147,Medium-Term,9010_9130,2012,0,FALSE,Personal,N
405085051,BROCK FOAM AND STONE INC,2012-03-29,L19095,9392B,38,Short-Term,9010_9130,2012,0,FALSE,Personal,N
436209332,GRANITE AND MARBLE DESIGNS LLC,2012-03-22,L18779,2444A,319,Medium-Term,9010_9130,2012,29.48,FALSE,Personal,N
436209324,GRANITE AND MARBLE DESIGNS LLC,2012-03-22,L18778,2366A,485,Long-Term,9010_9130,2012,50.400000000000006,FALSE,Personal,N
436209316,GRANITE AND MARBLE DESIGNS LLC,2012-03-22,L18777,2311A,162,Medium-Term,9010_9130,2012,60.35,FALSE,Personal,N
436209316,GRANITE AND MARBLE DESIGNS LLC,2012-03-22,L18776,2998A,330,Medium-Term,9010_9130,2012,32.11,FALSE,Personal,N
436209308,GRANITE AND MARBLE DESIGNS LLC,2012-03-22,L18775,2379A,227,Medium-Term,9010_9130,2012,981.7199999999999,FALSE,Personal,N
436209308,GRANITE AND MARBLE DESIGNS LLC,2012-03-22,L18774,2463A,266,Medium-Term,9010_9130,2012,934.4000000000001,FALSE,Personal,N
436209340,GRANITE AND MARBLE DESIGNS LLC,2012-03-22,L18781,2040A,433,Long-Term,9010_9130,2012,63.52,FALSE,Personal,N
436209332,GRANITE AND MARBLE DESIGNS LLC,2012-03-22,L18780,2397A,148,Medium-Term,9010_9130,2012,86.87,FALSE,Personal,N
436209274,STONE CRAFTERS INC DBA VICTOR MARBLE,2012-03-21,L18544,1503A,433,Long-Term,9010_9130,2012,18.15,FALSE,Personal,N
436209282,STONE CRAFTERS INC DBA VICTOR MARBLE,2012-03-21,L18541,2534A,382,Long-Term,9010_9130,2012,0,FALSE,Personal,N
436209290,STONE CRAFTERS INC DBA VICTOR MARBLE,2012-03-21,L18542,2902A,439,Long-Term,9010_9130,2012,30.24,FALSE,Personal,N
436209266,STONE CRAFTERS INC DBA VICTOR MARBLE,2012-03-21,L18543,1383A,428,Long-Term,9010_9130,2012,25.700000000000003,FALSE,Personal,N
914359906,INTERNATIONAL STONE INC,2012-03-13,L18018,5139B,442,Long-Term,9010_9130,2012,79.29199999999999,FALSE,Personal,N
914359898,INTERNATIONAL STONE INC,2012-03-13,L18016,5207B,462,Long-Term,9010_9130,2012,70.596,FALSE,Personal,N
914359872,INTERNATIONAL STONE INC,2012-03-13,L18014,6451B,470,Long-Term,9010_9130,2012,57.665,FALSE,Personal,N
914359880,INTERNATIONAL STONE INC,2012-03-13,L18015,Y3052,465,Long-Term,9010_9130,2012,140.4,FALSE,Personal,N
3648,MADISON BLOCK AND STONE,2012-02-28,L17288,3041A,443,Long-Term,9010_9130,2012,0,FALSE,Personal,N
3647,MADISON BLOCK AND STONE,2012-02-28,L17284,3407A,402,Long-Term,9010_9130,2012,0,FALSE,Personal,N
3646,MADISON BLOCK AND STONE,2012-02-28,L17286,3016A,83,Short-Term,9010_9130,2012,0,FALSE,Personal,N
3646,MADISON BLOCK AND STONE,2012-02-28,L17285,3014A,290,Medium-Term,9010_9130,2012,0,FALSE,Personal,N
3645,MADISON BLOCK AND STONE,2012-02-28,L17287,3194A,423,Long-Term,9010_9130,2012,0,FALSE,Personal,N
436209241,ROCK SOLID MARBLE AND GRANITE,2012-02-27,L16995,2544A,255,Medium-Term,9010_9130,2012,99.61000000000001,FALSE,Personal,N
400058004,GRANITE DESIGNS BY GEORGE,2012-02-21,L16664,2599A,430,Long-Term,9010_9130,2012,405,FALSE,Personal,N
400058012,GRANITE DESIGNS BY GEORGE,2012-02-21,L16663,2552A,430,Long-Term,9010_9130,2012,1120.46,FALSE,Personal,N
400058046,GRANITE DESIGNS BY GEORGE,2012-02-21,L16662,2392A,430,Long-Term,9010_9130,2012,498.44000000000005,FALSE,Personal,N
400058038,GRANITE DESIGNS BY GEORGE,2012-02-21,L16661,2854A,430,Long-Term,9010_9130,2012,633.65,FALSE,Personal,N
400058020,GRANITE DESIGNS BY GEORGE,2012-02-21,L16659,2843A,430,Long-Term,9010_9130,2012,309.33,FALSE,Personal,N
436209068,R AND G GRANITE WORKS,2012-02-16,L16564,2303A,358,Medium-Term,9010_9130,2012,659.1800000000001,FALSE,Personal,N
436209076,R AND G GRANITE WORKS,2012-02-16,L16565,1596A,360,Long-Term,9010_9130,2012,795.24,FALSE,Personal,N
436209050,R AND G GRANITE WORKS,2012-02-16,L16566,2875A,368,Long-Term,9010_9130,2012,543.27,FALSE,Personal,N
400057998,NEW MEXICO TRAVERTINE INC,2012-02-15,L16357,2616A,305,Medium-Term,9010_9130,2012,150.82500000000002,FALSE,Personal,N
3287,BEDROCK MARBLE AND GRANITE INC,2012-02-09,L15689,2501A,458,Long-Term,9010_9130,2012,14.950000000000001,FALSE,Personal,N
3288,BEDROCK MARBLE AND GRANITE INC,2012-02-09,L15688,2511A,345,Medium-Term,9010_9130,2012,61.49799999999999,FALSE,Personal,N
436208482,GJC CORP,2012-01-25,L14670,2284A,443,Long-Term,9010_9130,2012,0,FALSE,Personal,N
436208508,GJC CORP,2012-01-25,L14668,2265A,430,Long-Term,9010_9130,2012,15.93,FALSE,Personal,N
436208490,GJC CORP,2012-01-25,L14669,1573A,417,Long-Term,9010_9130,2012,0,FALSE,Personal,N
436208466,COLORADO CUSTOM STONE INC,2012-01-24,L14672,1519A,476,Long-Term,9010_9130,2012,31.07,FALSE,Personal,N
436208458,COLORADO CUSTOM STONE INC,2012-01-24,L14674,1468A,471,Long-Term,9010_9130,2012,16.562,FALSE,Personal,N
436208474,COLORADO CUSTOM STONE INC,2012-01-24,L14673,1479A,470,Long-Term,9010_9130,2012,16.758,FALSE,Personal,N
405084591,ORMOND GRANITE INC,2012-01-24,L14650,1996A,110,Short-Term,9010_9130,2012,0,FALSE,Personal,N
435116660,MARBLE AND GRANITE CASTLE INC,2012-01-19,L14139,0911A,99,Short-Term,9010_9130,2012,0,FALSE,Personal,N
435116660,MARBLE AND GRANITE CASTLE INC,2012-01-19,L14138,1938A,326,Medium-Term,9010_9130,2012,0,FALSE,Personal,N
435116678,MARBLE AND GRANITE CASTLE INC,2012-01-19,L14136,1950A,326,Medium-Term,9010_9130,2012,0,FALSE,Personal,N
435116678,MARBLE AND GRANITE CASTLE INC,2012-01-19,L14137,0414A,99,Short-Term,9010_9130,2012,0,FALSE,Personal,N
436208342,GJC CORP,2012-01-18,L14226,1589A,459,Long-Term,9010_9130,2012,12.74,FALSE,Personal,N
436208334,GJC CORP,2012-01-18,L14227,1607A,452,Long-Term,9010_9130,2012,16.380000000000003,FALSE,Personal,N
435116603,TARMAC AMERICA LCC,2012-01-10,L13830,1752A,245,Medium-Term,9010_9130,2012,0,FALSE,Personal,N
435116603,TARMAC AMERICA LCC,2012-01-10,L13831,1902A,150,Medium-Term,9010_9130,2012,0,FALSE,Personal,N
435116611,TARMAC AMERICA LCC,2012-01-10,L13832,2003A,185,Medium-Term,9010_9130,2012,0,FALSE,Personal,N
435116611,TARMAC AMERICA LCC,2012-01-10,L13833,2221A,239,Medium-Term,9010_9130,2012,0,FALSE,Personal,N
436206577,MAGALLANES GRANITE AND MARBLE,2011-12-28,L13134,2122A,346,Medium-Term,9010_9130,2011,19.95,FALSE,Personal,N
2583,ROCK SOLID GRANITE AND TILE INC,2011-12-21,L13082,4598B,165,Medium-Term,9010_9130,2011,277.05,FALSE,Personal,N
405084393,JACKSON STONEWORKS LLC,2011-12-20,L13275,8918B,380,Long-Term,9010_9130,2011,0,FALSE,Personal,N
405084401,JACKSON STONEWORKS LLC,2011-12-20,L13277,9138B,374,Long-Term,9010_9130,2011,0,FALSE,Personal,N
405084419,JACKSON STONEWORKS LLC,2011-12-20,L13278,9077B,375,Long-Term,9010_9130,2011,130.928,FALSE,Personal,N
436207484,CORNERSTONE GRANITE INC,2011-12-15,L12778,9637B,435,Long-Term,9010_9130,2011,15.795,FALSE,Personal,N
436207625,CORNERSTONE GRANITE INC,2011-12-15,L12781,9620B,403,Long-Term,9010_9130,2011,14.773,FALSE,Personal,N
436207633,CORNERSTONE GRANITE INC,2011-12-15,L12780,9014B,430,Long-Term,9010_9130,2011,0,FALSE,Personal,N
436207641,CORNERSTONE GRANITE INC,2011-12-15,L12779,1767A,432,Long-Term,9010_9130,2011,23.76,FALSE,Personal,N
436207492,CORNERSTONE GRANITE INC,2011-12-15,L12777,9377B,440,Long-Term,9010_9130,2011,29.106,FALSE,Personal,N
436207609,PERCOCO MARBLE AND TILE COMPANY INC,2011-12-14,L12660,1839A,459,Long-Term,9010_9130,2011,35.300000000000004,FALSE,Personal,N
436207617,PERCOCO MARBLE AND TILE COMPANY INC,2011-12-14,L12661,9610B,467,Long-Term,9010_9130,2011,23.852000000000004,FALSE,Personal,N
435116413,TRIPLE D MARBLE AND GRANITE ENTERPRISES INC,2011-12-08,L12563,0841A,265,Medium-Term,9010_9130,2011,213.49,FALSE,Personal,N
436207575,TOUCHSTONE GRANITE AND MARBLE INC,2011-12-08,L12416,1412A,446,Long-Term,9010_9130,2011,58.216,FALSE,Personal,N
435116397,TRIPLE D MARBLE AND GRANITE ENTERPRISES INC,2011-12-08,L12559,2152A,280,Medium-Term,9010_9130,2011,129.4,FALSE,Personal,N
435116397,TRIPLE D MARBLE AND GRANITE ENTERPRISES INC,2011-12-08,L12560,1859A,65,Short-Term,9010_9130,2011,137.06,FALSE,Personal,N
435116405,TRIPLE D MARBLE AND GRANITE ENTERPRISES INC,2011-12-08,L12561,0916A,266,Medium-Term,9010_9130,2011,93.87299999999999,FALSE,Personal,N
435116405,TRIPLE D MARBLE AND GRANITE ENTERPRISES INC,2011-12-08,L12562,2183A,78,Short-Term,9010_9130,2011,96.4,FALSE,Personal,N
436207567,TOUCHSTONE GRANITE AND MARBLE INC,2011-12-08,L12418,1258A,434,Long-Term,9010_9130,2011,35.672000000000004,FALSE,Personal,N
436207559,TOUCHSTONE GRANITE AND MARBLE INC,2011-12-08,L12419,1713A,427,Long-Term,9010_9130,2011,41.2,FALSE,Personal,N
436207740,TOUCHSTONE GRANITE AND MARBLE INC,2011-12-08,L12421,2023A,437,Long-Term,9010_9130,2011,32.344,FALSE,Personal,N
436207591,JORDAN MARBLE AND GRANITE LLC,2011-12-08,L12388,9121B,443,Long-Term,9010_9130,2011,31.584000000000003,FALSE,Personal,N
436207583,JORDAN MARBLE AND GRANITE LLC,2011-12-08,L12387,9646B,451,Long-Term,9010_9130,2011,30.14,FALSE,Personal,N
435116413,TRIPLE D MARBLE AND GRANITE ENTERPRISES INC,2011-12-08,L12564,0724A,69,Short-Term,9010_9130,2011,388.08000000000004,FALSE,Personal,N
435116389,DESIGNERS TOPS INC,2011-12-01,L11885,0423A,140,Medium-Term,9010_9130,2011,0,FALSE,Personal,N
435116363,DESIGNERS TOPS INC,2011-12-01,L11886,0393A,350,Medium-Term,9010_9130,2011,176.25,FALSE,Personal,N
435116363,DESIGNERS TOPS INC,2011-12-01,L11887,7291B,146,Medium-Term,9010_9130,2011,0,FALSE,Personal,N
435116389,DESIGNERS TOPS INC,2011-12-01,L11884,0428A,352,Medium-Term,9010_9130,2011,352.8,FALSE,Personal,N
435116371,DESIGNERS TOPS INC,2011-12-01,L11888,0426A,290,Medium-Term,9010_9130,2011,35.196,FALSE,Personal,N
435116371,DESIGNERS TOPS INC,2011-12-01,L11889,0384A,135,Medium-Term,9010_9130,2011,0,FALSE,Personal,N
914737606,NATIONAL GRANITE LUXURIES,2011-11-14,L11054,0559A,427,Long-Term,9010_9130,2011,58.058,FALSE,Personal,N
914737598,NATIONAL GRANITE LUXURIES,2011-11-14,L11057,9724B,160,Medium-Term,9010_9130,2011,236.118,FALSE,Personal,N
914737598,NATIONAL GRANITE LUXURIES,2011-11-14,L11056,9445B,280,Medium-Term,9010_9130,2011,266.584,FALSE,Personal,N
914737614,NATIONAL GRANITE LUXURIES,2011-11-14,L11055,9748B,453,Long-Term,9010_9130,2011,77.273,FALSE,Personal,N
1970,GRANITE DEZIGNS OF ILLINOIS,2011-11-02,L10336,0519A,175,Medium-Term,9010_9130,2011,0,FALSE,Personal,N
1968,GRANITE DEZIGNS OF ILLINOIS,2011-11-02,L10337,0785A,190,Medium-Term,9010_9130,2011,0,FALSE,Personal,N
436207765,CFI LLC COMMERCIAL FABRICATION AND INSTALLATION,2011-10-27,L10145,9300B,64,Short-Term,9010_9130,2011,0,FALSE,Personal,N
436207773,CFI LLC COMMERCIAL FABRICATION AND INSTALLATION,2011-10-27,L10146,9047B,101,Short-Term,9010_9130,2011,0,FALSE,Personal,N
400057345,LA TIERRA INTERIORS,2011-10-24,L10156,0855B,420,Long-Term,9010_9130,2011,642,FALSE,Personal,N
400057360,LA TIERRA INTERIORS,2011-10-24,L10157,Z4686,420,Long-Term,9010_9130,2011,221.10000000000002,FALSE,Personal,N
914608344,AMERICAN BLUESTONE LLC,2011-10-20,L10165,9642B,239,Medium-Term,9010_9130,2011,43.18,FALSE,Personal,N
914608351,AMERICAN BLUESTONE LLC,2011-10-20,L10167,9367B,242,Medium-Term,9010_9130,2011,26.880000000000003,FALSE,Personal,N
914608351,AMERICAN BLUESTONE LLC,2011-10-20,L10168,3570B,181,Medium-Term,9010_9130,2011,34.29,FALSE,Personal,N
914608344,AMERICAN BLUESTONE LLC,2011-10-20,L10166,9286B,192,Medium-Term,9010_9130,2011,51.09,FALSE,Personal,N
434804381,FELIPE AGUILAR DBA ALLSONE COUNTERS,2011-10-19,L09889,7553B,230,Medium-Term,9010_9130,2011,0,FALSE,Personal,N
914359831,ALL GRANITE AND MARBLE CORPORATION,2011-10-04,L09554,6361B,277,Medium-Term,9010_9130,2011,676.61,FALSE,Personal,N
914359823,ALL GRANITE AND MARBLE CORPORATION,2011-10-04,L09544,6215B,167,Medium-Term,9010_9130,2011,0,FALSE,Personal,N
914359823,ALL GRANITE AND MARBLE CORPORATION,2011-10-04,L09543,V2986,260,Medium-Term,9010_9130,2011,0,FALSE,Personal,N
914359856,ALL GRANITE AND MARBLE CORPORATION,2011-10-04,L09548,6450B,177,Medium-Term,9010_9130,2011,1126.86,FALSE,Personal,N
914359856,ALL GRANITE AND MARBLE CORPORATION,2011-10-04,L09547,6608B,296,Medium-Term,9010_9130,2011,32.319,FALSE,Personal,N
914359849,ALL GRANITE AND MARBLE CORPORATION,2011-10-04,L09552,Y7768,164,Medium-Term,9010_9130,2011,1147.77,FALSE,Personal,N
914359831,ALL GRANITE AND MARBLE CORPORATION,2011-10-04,L09555,6220B,165,Medium-Term,9010_9130,2011,90.636,FALSE,Personal,N
914359849,ALL GRANITE AND MARBLE CORPORATION,2011-10-04,L09551,6430B,281,Medium-Term,9010_9130,2011,203.41800000000003,FALSE,Personal,N
435683180,CST PRODUCTS LLC,2011-09-29,L08810,Z8052,372,Long-Term,9010_9130,2011,29.627,FALSE,Personal,N
435683156,CST PRODUCTS LLC,2011-09-29,L08811,0906A,403,Long-Term,9010_9130,2011,58.85,FALSE,Personal,N
435683149,CST PRODUCTS LLC,2011-09-29,L08813,X0524,400,Long-Term,9010_9130,2011,47.64,FALSE,Personal,N
435683164,CST PRODUCTS LLC,2011-09-29,L08809,X0522,405,Long-Term,9010_9130,2011,31.1,FALSE,Personal,N
435683172,CST PRODUCTS LLC,2011-09-29,L08812,2395B,413,Long-Term,9010_9130,2011,28.48,FALSE,Personal,N
425689809,LACE MARBLE AND GRANITE INC,2011-09-22,L08502,Y5460,48,Short-Term,9010_9130,2011,413.257,FALSE,Personal,N
914512975,SOUTH GEORGIA GRANITE INC,2011-09-19,L08343,9860B,345,Medium-Term,9010_9130,2011,0,FALSE,Personal,N
914512967,SOUTH GEORGIA GRANITE INC,2011-09-19,L08342,0169A,195,Medium-Term,9010_9130,2011,0,FALSE,Personal,N
1511,IMPERIAL MARBLE CORPORATION,2011-09-16,L08390,9473B,451,Long-Term,9010_9130,2011,0,FALSE,Personal,N
1512,IMPERIAL MARBLE CORPORATION,2011-09-16,L08389,9434B,446,Long-Term,9010_9130,2011,0,FALSE,Personal,N
1513,IMPERIAL MARBLE CORPORATION,2011-09-16,L08388,9575B,450,Long-Term,9010_9130,2011,0,FALSE,Personal,N
1510,IMPERIAL MARBLE CORPORATION,2011-09-16,L08391,9430B,451,Long-Term,9010_9130,2011,0,FALSE,Personal,N
405084021,ERNEST CARROLL TILE AND MARBLE INC,2011-09-14,L08064,0968A,188,Medium-Term,9010_9130,2011,0,FALSE,Personal,N
405084021,ERNEST CARROLL TILE AND MARBLE INC,2011-09-14,L08065,8297B,134,Medium-Term,9010_9130,2011,0,FALSE,Personal,N
405084039,ERNEST CARROLL TILE AND MARBLE INC,2011-09-14,L08062,3276B,179,Medium-Term,9010_9130,2011,0,FALSE,Personal,N
405084039,ERNEST CARROLL TILE AND MARBLE INC,2011-09-14,L08063,8382B,139,Medium-Term,9010_9130,2011,0,FALSE,Personal,N
43608029,CFI LLC COMMERCIAL FABRICATION AND INSTALLATION,2011-09-13,L07984,9493B,111,Short-Term,9010_9130,2011,0,FALSE,Personal,N
436208037,DONS CUSTOM CABINETS INC,2011-09-13,L07986,9631B,467,Long-Term,9010_9130,2011,20.200000000000003,FALSE,Personal,N
1429,SUN VALLEY RUG AND TILE COMPANY INC,2011-09-08,L07875,0924A,287,Medium-Term,9010_9130,2011,155.76,FALSE,Personal,N
1430,SUN VALLEY RUG AND TILE COMPANY INC,2011-09-08,L07874,0365A,258,Medium-Term,9010_9130,2011,66.332,FALSE,Personal,N
402270219,CHERRY HILLS HOME IMPROVEMENT INC,2011-09-01,L07640,9116B,424,Long-Term,9010_9130,2011,19.03,FALSE,Personal,N
402268775,CHERRY HILLS HOME IMPROVEMENT INC,2011-09-01,L07641,9075B,388,Long-Term,9010_9130,2011,60.71,FALSE,Personal,N
915022826,HERB KILMER AND SONS INC,2011-08-30,L07342,9580B,225,Medium-Term,9010_9130,2011,52.870000000000005,FALSE,Personal,N
915022818,HERB KILMER AND SONS INC,2011-08-30,L07345,6381B,75,Short-Term,9010_9130,2011,0,FALSE,Personal,N
915022818,HERB KILMER AND SONS INC,2011-08-30,L07344,6617B,234,Medium-Term,9010_9130,2011,40.800000000000004,FALSE,Personal,N
1374,J AND S GRANITE AND MARBLE LLC,2011-08-30,L07836,9393B,464,Long-Term,9010_9130,2011,0,FALSE,Personal,N
1371,J AND S GRANITE AND MARBLE LLC,2011-08-30,L07837,9589B,460,Long-Term,9010_9130,2011,19.400000000000002,FALSE,Personal,N
915022826,HERB KILMER AND SONS INC,2011-08-30,L07343,6408B,68,Short-Term,9010_9130,2011,0,FALSE,Personal,N
914663109,DISTINCTIVE SURFACES INC,2011-08-23,L07173,6481B,245,Medium-Term,9010_9130,2011,0,FALSE,Personal,N
914663091,DISTINCTIVE SURFACES INC,2011-08-23,L07174,6387B,227,Medium-Term,9010_9130,2011,0,FALSE,Personal,N
914663117,DISTINCTIVE SURFACES INC,2011-08-23,L07172,7518B,249,Medium-Term,9010_9130,2011,0,FALSE,Personal,N
914663083,DISTINCTIVE SURFACES INC,2011-08-23,L07175,6627B,244,Medium-Term,9010_9130,2011,0,FALSE,Personal,N
400308557,CUSTOM DESIGNER SURFACES,2011-08-16,L09178,4727B,305,Medium-Term,9010_9130,2011,0,FALSE,Personal,N
400308557,CUSTOM DESIGNER SURFACES,2011-08-16,L09177,4361B,305,Medium-Term,9010_9130,2011,0,FALSE,Personal,N
2485332,BRASTILE INC,2011-08-11,L06478,W4320,94,Short-Term,9010_9130,2011,82.041,FALSE,Personal,N
400406229,TRISTATE MARBLE AND GRANITE,2011-08-09,L06645,0871A,385,Long-Term,9010_9130,2011,17.639999999999997,FALSE,Personal,N
400406195,TRISTATE MARBLE AND GRANITE,2011-08-09,L06644,0859A,455,Long-Term,9010_9130,2011,89.38,FALSE,Personal,N
405083361,NAPOLES MARBLE SUPPLY INC,2011-07-26,L05945,0670A,137,Medium-Term,9010_9130,2011,0,FALSE,Personal,Y
405083361,NAPOLES MARBLE SUPPLY INC,2011-07-26,L05946,0644A,43,Short-Term,9010_9130,2011,0,FALSE,Personal,Y
405083296,STONE WORLD IMPORTS AND MANUFACTURING CORPORATION,2011-07-21,L05272,1011A,315,Medium-Term,9010_9130,2011,26.52,FALSE,Personal,N
405083304,STONE WORLD IMPORTS AND MANUFACTURING CORPORATION,2011-07-21,L05271,0433A,285,Medium-Term,9010_9130,2011,0,FALSE,Personal,N
436206700,WEAVER CONSTRUCTION CORPORATION,2011-07-14,L05136,5528B,471,Long-Term,9010_9130,2011,43.74,FALSE,Personal,N
436206718,WEAVER CONSTRUCTION CORPORATION,2011-07-14,L05135,9874B,456,Long-Term,9010_9130,2011,18.05,FALSE,Personal,N
405083247,MARBLE TODAY,2011-07-13,L06672,8012B,183,Medium-Term,9010_9130,2011,0,FALSE,Personal,Y
405083254,MARBLE TODAY,2011-07-13,L06673,7971B,253,Medium-Term,9010_9130,2011,0,FALSE,Personal,Y
405083254,MARBLE TODAY,2011-07-13,L06674,7574B,184,Medium-Term,9010_9130,2011,0,FALSE,Personal,Y
405083247,MARBLE TODAY,2011-07-13,L06671,7770B,251,Medium-Term,9010_9130,2011,0,FALSE,Personal,Y
436020515,ATLANTA KITCHEN INC,2011-07-12,L05049,7548B,335,Medium-Term,9010_9130,2011,42.980000000000004,FALSE,Personal,N
436020507,ATLANTA KITCHEN INC,2011-07-12,L05048,7146B,337,Medium-Term,9010_9130,2011,42.64,FALSE,Personal,N
400056925,LA TIERRA INTERIORS,2011-07-08,L05027,0877B,283,Medium-Term,9010_9130,2011,0,FALSE,Personal,N
400056909,LA TIERRA INTERIORS,2011-07-08,L05025,0712B,400,Long-Term,9010_9130,2011,208.44,FALSE,Personal,N
400056891,LA TIERRA INTERIORS,2011-07-08,L05024,Z7530,396,Long-Term,9010_9130,2011,342.5,FALSE,Personal,N
405081142,FLORIDA CUSTOM MARBLE INC,2011-07-08,L05234,9866B,416,Long-Term,9010_9130,2011,0,FALSE,Personal,N
400056933,LA TIERRA INTERIORS,2011-07-08,L05026,0879B,409,Long-Term,9010_9130,2011,533.2600000000001,FALSE,Personal,N
405083288,FLORIDA CUSTOM MARBLE INC,2011-07-08,L05235,9853B,404,Long-Term,9010_9130,2011,0,FALSE,Personal,N
436463418,SAG MARBLE AND GRANITE INC,2011-07-06,L04731,Z3864,78,Short-Term,9010_9130,2011,714.6859999999999,FALSE,Personal,N
436463426,SAG MARBLE AND GRANITE INC,2011-07-06,L04736,Z5942,98,Short-Term,9010_9130,2011,0,FALSE,Personal,N
429497605,CENTRAL MISSISSIPPI COUNTERTOPS INC,2011-07-06,L04979,3327B,120,Short-Term,9010_9130,2011,0,FALSE,Personal,N
436463426,SAG MARBLE AND GRANITE INC,2011-07-06,L04734,Z3509,69,Short-Term,9010_9130,2011,0,FALSE,Personal,N
436463418,SAG MARBLE AND GRANITE INC,2011-07-06,L04733,0047A,94,Short-Term,9010_9130,2011,95.7,FALSE,Personal,N
436463418,SAG MARBLE AND GRANITE INC,2011-07-06,L04732,Z3653,127,Medium-Term,9010_9130,2011,51.34,FALSE,Personal,N
436463426,SAG MARBLE AND GRANITE INC,2011-07-06,L04735,9983B,126,Medium-Term,9010_9130,2011,0,FALSE,Personal,N
434810479,K AND K LANGHAM LTD,2011-06-30,L04421,0467A,454,Long-Term,9010_9130,2011,0,FALSE,Personal,N
401187265,K AND K LANGHAM LTD,2011-06-30,L04423,0406A,467,Long-Term,9010_9130,2011,0,FALSE,Personal,N
434810453,K AND K LANGHAM LTD,2011-06-30,L04422,0739A,470,Long-Term,9010_9130,2011,0,FALSE,Personal,N
405083221,MAGMA GRANITE AND MARBLE LLC,2011-06-23,L04401,0170A,24,Task-Based,9010_9130,2011,863.2719999999999,FALSE,Personal,Y
405083205,MAGMA GRANITE AND MARBLE LLC,2011-06-23,L04399,9821B,355,Medium-Term,9010_9130,2011,0,FALSE,Personal,Y
405083213,MAGMA GRANITE AND MARBLE LLC,2011-06-23,L04402,9826B,188,Medium-Term,9010_9130,2011,0,FALSE,Personal,Y
405083221,MAGMA GRANITE AND MARBLE LLC,2011-06-23,L04400,9829B,166,Medium-Term,9010_9130,2011,670.6279999999999,FALSE,Personal,Y
436207138,DONS CUSTOM CABINETS INC,2011-06-21,L03921,0489A,521,Long-Term,9010_9130,2011,92.87,FALSE,Personal,N
914216908,CST PRODUCTS LLC,2011-06-21,L03735,0627A,355,Medium-Term,9010_9130,2011,58.5,FALSE,Personal,N
914216890,CST PRODUCTS LLC,2011-06-21,L03734,0620A,446,Long-Term,9010_9130,2011,43.12,FALSE,Personal,N
914216874,CST PRODUCTS LLC,2011-06-21,L03733,0601A,456,Long-Term,9010_9130,2011,156.78,FALSE,Personal,N
402310577,ROCK SOLID VENTURES CO,2011-06-13,L03285,6164B,360,Long-Term,9010_9130,2011,0,FALSE,Personal,Y
402310585,ROCK SOLID VENTURES CO,2011-06-13,L03284,8844B,360,Long-Term,9010_9130,2011,0,FALSE,Personal,Y
718,STONEWORKS CUSTOM GRANITE AND MARBLE LLC,2011-06-08,L03304,0466A,473,Long-Term,9010_9130,2011,0,FALSE,Personal,N
715,STONEWORKS CUSTOM GRANITE AND MARBLE LLC,2011-06-08,L03301,0734A,471,Long-Term,9010_9130,2011,0,FALSE,Personal,N
716,STONEWORKS CUSTOM GRANITE AND MARBLE LLC,2011-06-08,L03302,Z3489,471,Long-Term,9010_9130,2011,0,FALSE,Personal,N
717,STONEWORKS CUSTOM GRANITE AND MARBLE LLC,2011-06-08,L03303,Z3722,472,Long-Term,9010_9130,2011,0,FALSE,Personal,N
405083122,FIRST COAST GRANITE AND MARBLE INC,2011-05-26,L02389,8372B,43,Short-Term,9010_9130,2011,0,FALSE,Personal,Y
435115407,NEW MILLENNIUM INC,2011-05-26,L02140,0832A,229,Medium-Term,9010_9130,2011,0,FALSE,Personal,N
435115399,NEW MILLENNIUM INC,2011-05-26,L02139,0900A,214,Medium-Term,9010_9130,2011,0,FALSE,Personal,N
435115399,NEW MILLENNIUM INC,2011-05-26,L02138,0382A,233,Medium-Term,9010_9130,2011,32.538,FALSE,Personal,N
435115407,NEW MILLENNIUM INC,2011-05-26,L02141,0844A,211,Medium-Term,9010_9130,2011,29.592000000000002,FALSE,Personal,N
405083122,FIRST COAST GRANITE AND MARBLE INC,2011-05-26,L02390,7364B,206,Medium-Term,9010_9130,2011,0,FALSE,Personal,Y
405083130,FIRST COAST GRANITE AND MARBLE INC,2011-05-26,L02391,8427B,60,Short-Term,9010_9130,2011,0,FALSE,Personal,Y
405083130,FIRST COAST GRANITE AND MARBLE INC,2011-05-26,L02392,7422B,191,Medium-Term,9010_9130,2011,0,FALSE,Personal,Y
405083148,FIRST COAST GRANITE AND MARBLE INC,2011-05-26,L02393,8344B,260,Medium-Term,9010_9130,2011,0,FALSE,Personal,N
436236632,HELMART COMPANY INC,2011-05-23,L02068,0807A,141,Medium-Term,9010_9130,2011,0,FALSE,Personal,N
436236624,HELMART COMPANY INC,2011-05-23,L02069,0788A,210,Medium-Term,9010_9130,2011,0,FALSE,Personal,N
436236582,HELMART COMPANY INC,2011-05-12,L01635,7826B,165,Medium-Term,9010_9130,2011,0,FALSE,Personal,N
435115217,CONCEPT ELITE,2011-05-10,L01510,9817B,162,Medium-Term,9010_9130,2011,0,FALSE,Personal,N
435115233,CONCEPT ELITE,2011-05-10,L01506,2360B,226,Medium-Term,9010_9130,2011,439.2,FALSE,Personal,N
435115233,CONCEPT ELITE,2011-05-10,L01507,0183A,159,Medium-Term,9010_9130,2011,2451.9100000000003,FALSE,Personal,N
435115217,CONCEPT ELITE,2011-05-10,L01511,9857B,161,Medium-Term,9010_9130,2011,0,FALSE,Personal,N
435115225,CONCEPT ELITE,2011-05-10,L01508,9968B,219,Medium-Term,9010_9130,2011,115.8,FALSE,Personal,N
435115225,CONCEPT ELITE,2011-05-10,L01509,0173A,183,Medium-Term,9010_9130,2011,0,FALSE,Personal,N
913124442,FIRST AMERICAN IMPORT DBA PRECISION STONE CORP,2011-04-26,L00481,9861B,234,Medium-Term,9010_9130,2011,0,FALSE,Personal,N
434810164,DELTA GRANITE AND MARBLEINC,2011-04-21,L00186,7869B,454,Long-Term,9010_9130,2011,145.39000000000001,FALSE,Personal,N
434810172,DELTA GRANITE AND MARBLEINC,2011-04-21,L00187,7624B,459,Long-Term,9010_9130,2011,378.67599999999993,FALSE,Personal,N
434810180,DELTA GRANITE AND MARBLEINC,2011-04-21,L00188,7834B,447,Long-Term,9010_9130,2011,104.512,FALSE,Personal,N
434810156,DELTA GRANITE AND MARBLEINC,2011-04-21,L00189,7641B,462,Long-Term,9010_9130,2011,90.624,FALSE,Personal,N
914384532,CONNECTICUT STONE SUPPLIES,2011-04-19,L00365,Y7811,504,Long-Term,9010_9130,2011,288.88,FALSE,Personal,Y
914384557,CONNECTICUT STONE SUPPLIES,2011-04-19,L00363,6593B,408,Long-Term,9010_9130,2011,139.46,FALSE,Personal,Y
914384573,CONNECTICUT STONE SUPPLIES,2011-04-19,L00364,6425B,474,Long-Term,9010_9130,2011,128.82,FALSE,Personal,Y
914384581,CONNECTICUT STONE SUPPLIES,2011-04-19,L00366,6438B,500,Long-Term,9010_9130,2011,186.23999999999998,FALSE,Personal,Y
914384540,CONNECTICUT STONE SUPPLIES,2011-04-19,L00367,5200B,468,Long-Term,9010_9130,2011,61.8,FALSE,Personal,Y
435565684,PHILLIPS GRANITE INC,2011-04-06,D99391,4048B,366,Long-Term,9010_9130,2011,0,FALSE,Personal,N
435565676,PHILLIPS GRANITE INC,2011-04-06,D99390,6441B,367,Long-Term,9010_9130,2011,0,FALSE,Personal,N
914525167,KLASSIC STONE INC,2011-04-05,D99198,5747B,312,Medium-Term,9010_9130,2011,0,FALSE,Personal,N
914525142,KLASSIC STONE INC,2011-04-05,D99199,7344B,341,Medium-Term,9010_9130,2011,0,FALSE,Personal,N
914740121,VAN HORN AND ASSOCIATES LLC,2011-03-30,L00880,7845B,262,Medium-Term,9010_9130,2011,42.75,FALSE,Personal,N
914740121,VAN HORN AND ASSOCIATES LLC,2011-03-30,L00881,7881B,161,Medium-Term,9010_9130,2011,46.08,FALSE,Personal,N
914740113,VAN HORN AND ASSOCIATES LLC,2011-03-30,L00878,7692B,259,Medium-Term,9010_9130,2011,66.92999999999999,FALSE,Personal,N
914740113,VAN HORN AND ASSOCIATES LLC,2011-03-30,L00879,7068B,163,Medium-Term,9010_9130,2011,38.50899999999999,FALSE,Personal,N
434804399,KEYSTONE GRANITE,2011-03-23,D98499,7908B,326,Medium-Term,9010_9130,2011,54.34,FALSE,Personal,N
434806873,KEYSTONE GRANITE,2011-03-23,D98497,8009B,337,Medium-Term,9010_9130,2011,170.5,FALSE,Personal,N
914412002,MAGIC CITY GRANITE CO,2011-03-16,D97849,1498B,222,Medium-Term,9010_9130,2011,0,FALSE,Personal,N
914411988,MAGIC CITY GRANITE CO,2011-03-16,D97850,6170B,453,Long-Term,9010_9130,2011,19.52,FALSE,Personal,N
914411996,MAGIC CITY GRANITE CO,2011-03-16,D97848,5899B,469,Long-Term,9010_9130,2011,0,FALSE,Personal,N
436206742,TAKE ME 4 GRANITE INC,2011-03-14,D97648,8157B,286,Medium-Term,9010_9130,2011,0,FALSE,Personal,N
436206775,TAKE ME 4 GRANITE INC,2011-03-14,D97646,8301B,288,Medium-Term,9010_9130,2011,0,FALSE,Personal,N
436206759,TAKE ME 4 GRANITE INC,2011-03-14,D97647,7393B,278,Medium-Term,9010_9130,2011,0,FALSE,Personal,N
436205405,MAGALLANES GRANITE AND MARBLE,2011-03-04,D97026,7282B,470,Long-Term,9010_9130,2011,125.28,FALSE,Personal,N
436205397,MAGALLANES GRANITE AND MARBLE,2011-03-04,D97025,7467B,470,Long-Term,9010_9130,2011,139.2,FALSE,Personal,N
435114806,BRAZILIAN MARBLE CORPORATION,2011-02-23,D96245,8903B,405,Long-Term,9010_9130,2011,44.0167,FALSE,Personal,N
436195143,LEVENT INDUSTRIES INC DBA ARCHITECTURAL BRASS CO,2011-02-23,D96889,5839B,125,Medium-Term,9010_9130,2011,0,FALSE,Personal,N
402310411,STONE IDEASLLC,2011-02-23,D96651,7207B,450,Long-Term,9010_9130,2011,40.81,FALSE,Personal,Y
402310429,STONE IDEASLLC,2011-02-23,D96650,7437B,445,Long-Term,9010_9130,2011,30.599999999999998,FALSE,Personal,Y
436195143,LEVENT INDUSTRIES INC DBA ARCHITECTURAL BRASS CO,2011-02-23,D96888,5804B,222,Medium-Term,9010_9130,2011,53.72400000000001,FALSE,Personal,N
435114798,ANCIENT MOSAIC STUDIOS LLC,2011-02-22,D96248,8123B,424,Long-Term,9010_9130,2011,0,FALSE,Personal,N
435114814,BRAZILIAN MARBLE CORPORATION,2011-02-22,D96246,8848B,389,Long-Term,9010_9130,2011,0,FALSE,Personal,N
435114772,ANCIENT MOSAIC STUDIOS LLC,2011-02-22,D96249,8059B,210,Medium-Term,9010_9130,2011,0,FALSE,Personal,N
405082363,MARBLE MASTERS STONE CARE SPECIALISTS INC,2011-02-18,D96165,8411B,150,Medium-Term,9010_9130,2011,0,FALSE,Personal,Y
405082363,MARBLE MASTERS STONE CARE SPECIALISTS INC,2011-02-18,D96164,8057B,271,Medium-Term,9010_9130,2011,0,FALSE,Personal,Y
405082355,MARBLE MASTERS STONE CARE SPECIALISTS INC,2011-02-18,D96163,8271B,200,Medium-Term,9010_9130,2011,0,FALSE,Personal,Y
405082355,MARBLE MASTERS STONE CARE SPECIALISTS INC,2011-02-18,D96162,8430B,234,Medium-Term,9010_9130,2011,0,FALSE,Personal,Y
435939954,PATENTED PROPS INV LLC DBA QUARRY GRANITE FAB,2011-02-17,D95986,8613B,341,Medium-Term,9010_9130,2011,0,FALSE,Personal,Y
435939962,PATENTED PROPS INV LLC DBA QUARRY GRANITE FAB,2011-02-17,D95984,8637B,248,Medium-Term,9010_9130,2011,0,FALSE,Personal,Y
405082348,A1 STONE WORLD INC,2011-02-17,D96329,1353B,361,Long-Term,9010_9130,2011,0,FALSE,Personal,N
435939970,PATENTED PROPS INV LLC DBA QUARRY GRANITE FAB,2011-02-17,D95985,8652B,260,Medium-Term,9010_9130,2011,0,FALSE,Personal,Y
401999925,A1 STONE WORLD INC,2011-02-17,D96327,1579B,334,Medium-Term,9010_9130,2011,0,FALSE,Personal,N
405082330,A1 STONE WORLD INC,2011-02-17,D96328,1641B,332,Medium-Term,9010_9130,2011,0,FALSE,Personal,N
402949119,UPON THIS ROCK LLC,2011-02-15,D95799,Z0983,420,Long-Term,9010_9130,2011,40.332,FALSE,Personal,N
402949127,UPON THIS ROCK LLC,2011-02-15,D95798,Z1018,435,Long-Term,9010_9130,2011,78.10900000000001,FALSE,Personal,N
405082041,PLANET GRANITE GROUP INC,2011-02-14,D95801,3271B,240,Medium-Term,9010_9130,2011,688.1168,FALSE,Personal,N
405082058,PLANET GRANITE GROUP INC,2011-02-14,D95802,3312B,240,Medium-Term,9010_9130,2011,181.28,FALSE,Personal,N
914348313,ADVANCED MARBLE AND GRANITE INC,2011-02-10,D95448,Z3847,299,Medium-Term,9010_9130,2011,128.624,FALSE,Personal,N
914504667,MIDDLETON MEMORIALS OF GEORGIA INC,2011-02-08,D95192,7440B,308,Medium-Term,9010_9130,2011,21.934,FALSE,Personal,N
914504675,MIDDLETON MEMORIALS OF GEORGIA INC,2011-02-08,D95191,7245B,314,Medium-Term,9010_9130,2011,40.192,FALSE,Personal,N
400613022,STEVE ELLIOT GRANITE AND MARBLE INC,2011-02-01,D95329,6662B,94,Short-Term,9010_9130,2011,0,FALSE,Personal,N
400613022,STEVE ELLIOT GRANITE AND MARBLE INC,2011-02-01,D95328,Z4808,309,Medium-Term,9010_9130,2011,0,FALSE,Personal,N
914514898,CALISTA STONE CUTTERS LIMITED LIABILITY COMPANY,2011-01-31,D94641,8817B,412,Long-Term,9010_9130,2011,28.068,FALSE,Personal,N
914514880,CALISTA STONE CUTTERS LIMITED LIABILITY COMPANY,2011-01-31,D94640,8520B,397,Long-Term,9010_9130,2011,14.823999999999998,FALSE,Personal,N
405081969,ARTISTIC MARBLE GRANITE STONE INC,2011-01-21,D94338,6483B,140,Medium-Term,9010_9130,2011,0,FALSE,Personal,N
405081977,ARTISTIC MARBLE GRANITE STONE INC,2011-01-21,D94339,Z1429,130,Medium-Term,9010_9130,2011,0,FALSE,Personal,N
435670591,NATURAL STONE INC,2011-01-14,D93917,7443B,288,Medium-Term,9010_9130,2011,49.093199999999996,FALSE,Personal,N
435670609,NATURAL STONE INC,2011-01-14,D93915,7379B,285,Medium-Term,9010_9130,2011,48.745200000000004,FALSE,Personal,N
435670583,NATURAL STONE INC,2011-01-14,D93916,7276B,301,Medium-Term,9010_9130,2011,171.20000000000002,FALSE,Personal,N
429494834,COLUMBUS MARBLE WORKS INC,2011-01-13,D93770,4939B,480,Long-Term,9010_9130,2011,0,FALSE,Personal,N
429494826,COLUMBUS MARBLE WORKS INC,2011-01-13,D93769,4983B,480,Long-Term,9010_9130,2011,0,FALSE,Personal,N
434864260,STONE SPECIALTIES INC,2011-01-12,D93640,6171B,460,Long-Term,9010_9130,2011,0,FALSE,Personal,N
434864252,STONE SPECIALTIES INC,2011-01-12,D93641,5938B,455,Long-Term,9010_9130,2011,0,FALSE,Personal,N
402006225,WORCESTER MARBLE AND GRANITE INC,2010-12-21,D93141,3702B,143,Medium-Term,9010_9130,2010,1216.112,FALSE,Personal,N
402006233,WORCESTER MARBLE AND GRANITE INC,2010-12-21,D93139,Z5789,58,Short-Term,9010_9130,2010,107.965,FALSE,Personal,N
402006217,WORCESTER MARBLE AND GRANITE INC,2010-12-21,D93142,Y1476,159,Medium-Term,9010_9130,2010,1362.016,FALSE,Personal,N
402006217,WORCESTER MARBLE AND GRANITE INC,2010-12-21,D93143,3731B,158,Medium-Term,9010_9130,2010,1280.076,FALSE,Personal,N
402006225,WORCESTER MARBLE AND GRANITE INC,2010-12-21,D93140,Y9532,213,Medium-Term,9010_9130,2010,1785.975,FALSE,Personal,N
914511373,CALISTA STONE CUTTERS LIMITED LIABILITY COMPANY,2010-12-17,D92534,4708B,88,Short-Term,9010_9130,2010,0,FALSE,Personal,N
402309983,STONE AGE INTERIORS DBA COLORADO SPRINGS MARBLE AND,2010-12-14,D92618,6125B,470,Long-Term,9010_9130,2010,348.795,FALSE,Personal,N
402309983,STONE AGE INTERIORS DBA COLORADO SPRINGS MARBLE AND,2010-12-14,D92616,6664B,470,Long-Term,9010_9130,2010,254.815,FALSE,Personal,N
402309983,STONE AGE INTERIORS DBA COLORADO SPRINGS MARBLE AND,2010-12-14,D92617,6415B,470,Long-Term,9010_9130,2010,23.839200000000005,FALSE,Personal,N
435670070,ROBERT SCHWAKE STONE COMPANY INC,2010-10-22,D90138,4795B,466,Long-Term,9010_9130,2010,32.788,FALSE,Personal,Y
435670088,ROBERT SCHWAKE STONE COMPANY INC,2010-10-22,D90137,6745B,461,Long-Term,9010_9130,2010,0,FALSE,Personal,Y
402271886,DENVER MARBLE CONCEPTS,2010-10-19,D89832,7546B,88,Short-Term,9010_9130,2010,0,FALSE,Personal,N
402271886,DENVER MARBLE CONCEPTS,2010-10-19,D89831,7156B,262,Medium-Term,9010_9130,2010,0,FALSE,Personal,N
914219142,KOL MARBLE AND GRANITE,2010-10-14,D89463,X0594,218,Medium-Term,9010_9130,2010,1553.072,FALSE,Personal,N
914219159,KOL MARBLE AND GRANITE,2010-10-14,D89461,X0545,261,Medium-Term,9010_9130,2010,5627.996000000001,FALSE,Personal,N
914219167,KOL MARBLE AND GRANITE,2010-10-14,D89462,X0513,119,Short-Term,9010_9130,2010,805.878,FALSE,Personal,N
402271860,KOOLSTONE INC,2010-09-30,D88836,6938B,371,Long-Term,9010_9130,2010,0,FALSE,Personal,N
402309546,STONE CITY LLC,2010-07-21,D83937,4802B,397,Long-Term,9010_9130,2010,0,FALSE,Personal,N
402309553,STONE CITY LLC,2010-07-21,D83936,6007B,396,Long-Term,9010_9130,2010,0,FALSE,Personal,N
402309561,STONE CITY LLC,2010-07-21,D83935,5402B,205,Medium-Term,9010_9130,2010,0,FALSE,Personal,N
435741160,REGAL CUT STONE LLC,2010-06-30,D81913,0654B,229,Medium-Term,9010_9130,2010,0,FALSE,Personal,N
435741145,REGAL CUT STONE LLC,2010-06-30,D81910,0665B,316,Medium-Term,9010_9130,2010,0,FALSE,Personal,N
435741186,REGAL CUT STONE LLC,2010-06-30,D81909,5702B,328,Medium-Term,9010_9130,2010,0,FALSE,Personal,N
435741129,REGAL CUT STONE LLC,2010-06-30,D81911,0881B,286,Medium-Term,9010_9130,2010,0,FALSE,Personal,N
435741202,REGAL CUT STONE LLC,2010-06-30,D81912,5867B,206,Medium-Term,9010_9130,2010,0,FALSE,Personal,N
435958087,RYDER ROAD FARMS,2010-06-24,D81887,2265B,222,Medium-Term,9010_9130,2010,0,FALSE,Personal,N
435958103,RYDER ROAD FARMS,2010-06-24,D81886,Z5799,124,Medium-Term,9010_9130,2010,0,FALSE,Personal,N
400056214,LA TIERRA INTERIORS,2010-06-23,D82516,Z2124,470,Long-Term,9010_9130,2010,0,FALSE,Personal,N
400056222,LA TIERRA INTERIORS,2010-06-23,D82513,Y4769,515,Long-Term,9010_9130,2010,842.5200000000001,FALSE,Personal,N
400056230,LA TIERRA INTERIORS,2010-06-23,D82515,Z1935,385,Long-Term,9010_9130,2010,21.85,FALSE,Personal,N
400056248,LA TIERRA INTERIORS,2010-06-23,D82514,Z2090,400,Long-Term,9010_9130,2010,37.502,FALSE,Personal,N
402270920,ROCKY MOUNTAIN FLOOR SYSTEMS DBA BALENTINE COLLECT,2010-06-17,D80798,4141B,190,Medium-Term,9010_9130,2010,40.162,FALSE,Personal,N
402270920,ROCKY MOUNTAIN FLOOR SYSTEMS DBA BALENTINE COLLECT,2010-06-17,D80797,2545B,250,Medium-Term,9010_9130,2010,47.006,FALSE,Personal,N
402270896,SNYDER GRAND VALLEY MEMORIALS INC,2010-06-15,D80795,4540B,135,Medium-Term,9010_9130,2010,0,FALSE,Personal,N
915193940,ROMA MARBLE,2010-05-25,D79125,Z4397,163,Medium-Term,9010_9130,2010,0,FALSE,Personal,N
915194005,ROMA MARBLE,2010-05-25,D79123,0597B,168,Medium-Term,9010_9130,2010,110.092,FALSE,Personal,N
915198154,ROMA MARBLE,2010-05-25,D79124,0609B,155,Medium-Term,9010_9130,2010,55.575,FALSE,Personal,N
425687381,US MARBLE CONSTRUCTION CORP,2010-05-20,D79121,2218B,308,Medium-Term,9010_9130,2010,71.06590000000001,FALSE,Personal,N
425687373,US MARBLE CONSTRUCTION CORP,2010-05-20,D79120,2315B,310,Medium-Term,9010_9130,2010,0,FALSE,Personal,N
911541878,CHERRY CREEK STONE WORKS INC,2010-04-15,D77417,2482B,57,Short-Term,9010_9130,2010,0,FALSE,Personal,N
911541878,CHERRY CREEK STONE WORKS INC,2010-04-15,D77416,2602B,104,Short-Term,9010_9130,2010,138.70240000000004,FALSE,Personal,N
911541878,CHERRY CREEK STONE WORKS INC,2010-04-15,D77415,Z1604,249,Medium-Term,9010_9130,2010,176.47980000000004,FALSE,Personal,N
402308936,CHERRY CREEK STONE WORKS INC,2010-04-05,D76859,2275B,70,Short-Term,9010_9130,2010,139.104,FALSE,Personal,N
402309181,CHERRY CREEK STONE WORKS INC,2010-04-05,D76861,4536B,80,Short-Term,9010_9130,2010,0,FALSE,Personal,N
402309181,CHERRY CREEK STONE WORKS INC,2010-04-05,D76860,2415B,75,Short-Term,9010_9130,2010,0,FALSE,Personal,N
435668116,MARBLE EMPORIUM INC,2010-03-25,D76215,2604B,429,Long-Term,9010_9130,2010,557.8979999999999,FALSE,Personal,N
435668124,MARBLE EMPORIUM INC,2010-03-25,D76217,2592B,435,Long-Term,9010_9130,2010,303.586,FALSE,Personal,N
435668132,MARBLE EMPORIUM INC,2010-03-25,D76216,2156B,421,Long-Term,9010_9130,2010,1101.9483999999998,FALSE,Personal,N
402005912,RGS MARBLE AND GRANITE,2010-02-25,D74739,3710B,429,Long-Term,9010_9130,2010,96.616,FALSE,Personal,N
402005904,RGS MARBLE AND GRANITE,2010-02-25,D74740,4082B,323,Medium-Term,9010_9130,2010,45.8626,FALSE,Personal,N
402269930,GUYS FLOOR SERVICE INC,2010-02-04,D73371,4343B,444,Long-Term,9010_9130,2010,0,FALSE,Personal,N
402269377,GUYS FLOOR SERVICE INC,2010-02-04,D73370,4137B,460,Long-Term,9010_9130,2010,0,FALSE,Personal,N
402269369,GUYS FLOOR SERVICE INC,2010-02-04,D73369,4345B,458,Long-Term,9010_9130,2010,0,FALSE,Personal,N
402269955,GUYS FLOOR SERVICE INC,2010-02-04,D73368,4184B,396,Long-Term,9010_9130,2010,81.108,FALSE,Personal,N
402269948,GUYS FLOOR SERVICE INC,2010-02-04,D73367,4271B,414,Long-Term,9010_9130,2010,0,FALSE,Personal,N
920946027,KANDM BUILDING SYSTEMS,2010-02-02,D73357,Y1290,450,Long-Term,9010_9130,2010,369.64799999999997,FALSE,Personal,N
920946019,KANDM BUILDING SYSTEMS,2010-02-02,D73358,X7478,453,Long-Term,9010_9130,2010,381.084,FALSE,Personal,N
402270243,HARDTOPS LLC DBA MOROS FABRICATION,2010-02-02,D73191,3543B,255,Medium-Term,9010_9130,2010,0,FALSE,Personal,N
402270227,HARDTOPS LLC DBA MOROS FABRICATION,2010-02-02,D73190,W2579,481,Long-Term,9010_9130,2010,16.313,FALSE,Personal,N
402270235,HARDTOPS LLC DBA MOROS FABRICATION,2010-02-02,D73192,3508B,491,Long-Term,9010_9130,2010,12.4047,FALSE,Personal,N
403308505,SUPERIOR HOME PRODUCTS INC,2010-01-21,D72460,Z1830,380,Long-Term,9010_9130,2010,0,FALSE,Personal,N
400447306,CORPUS CHRISTI MEMORIALS INC,2010-01-06,D71837,4012B,15,Task-Based,9010_9130,2010,0,FALSE,Personal,Y
435667621,DARIUSZ KANIA DBA HOUSE OF ROCK INC,2009-12-04,D70832,2266B,438,Long-Term,9010_9130,2009,0,FALSE,Personal,N
402005516,BOSTON GRANITE DEPOT,2009-09-15,D67639,3421B,51,Short-Term,9010_9130,2009,0,FALSE,Personal,N
402005524,BOSTON GRANITE DEPOT,2009-09-15,D67638,3335B,19,Task-Based,9010_9130,2009,0,FALSE,Personal,N
435666482,ROBERT SCHWAKE STONE COMPANY INC,2009-06-30,D63952,3355B,462,Long-Term,9010_9130,2009,72.7356,FALSE,Personal,Y
435105242,INDUSTRIAL CONSULTING AND MARKETING INC,2009-06-18,D63372,3422B,285,Medium-Term,9010_9130,2009,0,FALSE,Personal,N
435105259,INDUSTRIAL CONSULTING AND MARKETING INC,2009-06-18,D63374,2964B,285,Medium-Term,9010_9130,2009,0,FALSE,Personal,N
435105259,INDUSTRIAL CONSULTING AND MARKETING INC,2009-06-18,D63375,2805B,200,Medium-Term,9010_9130,2009,0,FALSE,Personal,N
435105242,INDUSTRIAL CONSULTING AND MARKETING INC,2009-06-18,D63373,3662B,192,Medium-Term,9010_9130,2009,52.022000000000006,FALSE,Personal,N
435728704,WISCONSIN PRIDE STONE LLC,2009-05-13,D61456,2789B,466,Long-Term,9010_9130,2009,0,FALSE,Personal,N
435728696,WISCONSIN PRIDE STONE LLC,2009-05-13,D61457,2922B,132,Medium-Term,9010_9130,2009,0,FALSE,Personal,N
435728696,WISCONSIN PRIDE STONE LLC,2009-05-13,D61458,2814B,38,Short-Term,9010_9130,2009,0,FALSE,Personal,N
435728696,WISCONSIN PRIDE STONE LLC,2009-05-13,D61459,2836B,78,Short-Term,9010_9130,2009,0,FALSE,Personal,N
435728696,WISCONSIN PRIDE STONE LLC,2009-05-13,D61460,2793B,226,Medium-Term,9010_9130,2009,0,FALSE,Personal,N
435728688,WISCONSIN PRIDE STONE LLC,2009-05-13,D61461,2806B,131,Medium-Term,9010_9130,2009,0,FALSE,Personal,N
435728688,WISCONSIN PRIDE STONE LLC,2009-05-13,D61462,2990B,114,Short-Term,9010_9130,2009,0,FALSE,Personal,N
435728688,WISCONSIN PRIDE STONE LLC,2009-05-13,D61463,2882B,225,Medium-Term,9010_9130,2009,0,FALSE,Personal,N
400055851,KANDM BUILDING SYSTEMS,2009-05-08,D61071,Z5947,275,Medium-Term,9010_9130,2009,226.44,FALSE,Personal,N
400055844,KANDM BUILDING SYSTEMS,2009-05-08,D61070,Z6641,306,Medium-Term,9010_9130,2009,830.3000000000001,FALSE,Personal,N
400055836,KANDM BUILDING SYSTEMS,2009-05-08,D61069,Y4855,297,Medium-Term,9010_9130,2009,206.15,FALSE,Personal,N
402005318,FLETCHER GRANITE CO INC,2009-05-04,D61492,Z0749,221,Medium-Term,9010_9130,2009,42.623999999999995,FALSE,Personal,N
402005300,FLETCHER GRANITE CO INC,2009-05-04,D61490,Z7016,224,Medium-Term,9010_9130,2009,60.398,FALSE,Personal,N
435867072,HELMART COMPANY INC,2009-03-27,D59122,1382B,285,Medium-Term,9010_9130,2009,0,FALSE,Personal,N
435867080,HELMART COMPANY INC,2009-03-27,D59124,1532B,315,Medium-Term,9010_9130,2009,0,FALSE,Personal,N
435867098,HELMART COMPANY INC,2009-03-27,D59123,1604B,315,Medium-Term,9010_9130,2009,0,FALSE,Personal,N
400609186,DESIGN CONCEPTS,2008-08-05,D49913,Z7436,150,Medium-Term,9010_9130,2008,0,FALSE,Personal,N
401048210,EARTH WORKS GRANITE MARBLE INCORPORATED,2008-03-05,D43521,Z9018,185,Medium-Term,9010_9130,2008,37.815,FALSE,Personal,N
401048210,EARTH WORKS GRANITE MARBLE INCORPORATED,2008-03-05,D43520,Z9083,182,Medium-Term,9010_9130,2008,0,FALSE,Personal,N
914241948,CLASSIC SURFACES INC,2008-02-27,D43518,Z7970,272,Medium-Term,9010_9130,2008,65.221,FALSE,Personal,N
914241906,CLASSIC SURFACES INC,2008-02-27,D43515,Z8101,280,Medium-Term,9010_9130,2008,0,FALSE,Personal,N
401767322,ALLIED STONE INC,2007-09-12,D35798,B639,224,Medium-Term,9010_9130,2007,2411.5049999999997,FALSE,Personal,N
401767330,ALLIED STONE INC,2007-09-12,D35797,L403,234,Medium-Term,9010_9130,2007,1721.628,FALSE,Personal,N
401767330,ALLIED STONE INC,2007-09-12,D35796,L351,208,Medium-Term,9010_9130,2007,2057.068,FALSE,Personal,N
401767322,ALLIED STONE INC,2007-09-12,D35799,Q818,240,Medium-Term,9010_9130,2007,5710.592000000001,FALSE,Personal,N
913651865,DAVID KUCERA INC,2007-09-04,D35499,Z0982,98,Short-Term,9010_9130,2007,0,FALSE,Personal,N
435662515,CNC STONECRAFT OF CHICAGOLAND INC,2007-08-07,D34176,Z6425,467,Long-Term,9010_9130,2007,0,FALSE,Personal,Y
435662499,CNC STONECRAFT OF CHICAGOLAND INC,2007-08-07,D34177,Z6289,431,Long-Term,9010_9130,2007,0,FALSE,Personal,Y
435662507,CNC STONECRAFT OF CHICAGOLAND INC,2007-08-07,D34179,Z4227,52,Short-Term,9010_9130,2007,0,FALSE,Personal,Y
435662507,CNC STONECRAFT OF CHICAGOLAND INC,2007-08-07,D34178,Z3786,419,Long-Term,9010_9130,2007,0,FALSE,Personal,Y
913651709,VERMONT STRUCTURAL SLATE CO INC,2007-06-05,D31567,Z6164,409,Long-Term,9010_9130,2007,108.394,FALSE,Personal,N
913651717,VERMONT STRUCTURAL SLATE CO INC,2007-06-05,D31568,Z6226,475,Long-Term,9010_9130,2007,46.18900000000001,FALSE,Personal,N
913651725,VERMONT STRUCTURAL SLATE CO INC,2007-06-05,D31566,Z6516,355,Medium-Term,9010_9130,2007,44.346500000000006,FALSE,Personal,N
913651691,VERMONT STRUCTURAL SLATE CO INC,2007-06-05,D31565,Z6526,401,Long-Term,9010_9130,2007,16.723000000000003,FALSE,Personal,N
914606298,STONE CONCEPTS INC,2007-03-05,D28136,Z0762,46,Short-Term,9010_9130,2007,0,FALSE,Personal,N
914606249,STONE CONCEPTS INC,2007-03-05,D28131,G390,44,Short-Term,9010_9130,2007,0,FALSE,Personal,N
914606280,STONE CONCEPTS INC,2007-03-05,D28134,V501,44,Short-Term,9010_9130,2007,0,FALSE,Personal,N
914606249,STONE CONCEPTS INC,2007-03-05,D28132,V398,40,Short-Term,9010_9130,2007,0,FALSE,Personal,N
914266838,STAR MARBLE AND GRANITE,2006-11-14,D22224,Z3328,146,Medium-Term,9010_9130,2006,335.81999999999994,FALSE,Personal,N
914266838,STAR MARBLE AND GRANITE,2006-11-14,D22225,Z3392,75,Short-Term,9010_9130,2006,0,FALSE,Personal,N
914266838,STAR MARBLE AND GRANITE,2006-11-14,D22226,Z3325,134,Medium-Term,9010_9130,2006,0,FALSE,Personal,N
914366604,RENAISSANCE STONE LLP,2006-07-26,P94627,Y3247,450,Long-Term,9010_9130,2006,0,FALSE,Personal,Y
435088422,BRENTWOOD GRANITE MARBLE AND TILE LLC,2006-05-02,P90181,Y4714,450,Long-Term,9010_9130,2006,0,FALSE,Personal,N
434052239,GALLOY AND VAN ETTEN INC,2004-02-23,P47549,X7565,370,Long-Term,9010_9130,2004,0,FALSE,Personal,N
434052221,GALLOY AND VAN ETTEN INC,2004-02-23,P47548,X5938,365,Long-Term,9010_9130,2004,0,FALSE,Personal,N
